Date,Price,Open,High,Low,Vol.,Change %
"Nov 02, 2021",1.9772,1.9488,1.9949,1.9348,212.85M,1.46%
"Nov 01, 2021",1.9488,1.9656,2.0178,1.9159,270.39M,-0.82%
"Oct 31, 2021",1.9649,1.9547,2.025,1.9182,244.03M,0.52%
"Oct 30, 2021",1.9547,2.0133,2.0179,1.9271,222.19M,-2.85%
"Oct 29, 2021",2.0121,1.9862,2.0461,1.981,287.00M,1.33%
"Oct 28, 2021",1.9856,1.9107,2.0578,1.9079,546.72M,3.92%
"Oct 27, 2021",1.9107,2.1369,2.155,1.8102,643.95M,-10.59%
"Oct 26, 2021",2.1369,2.1448,2.2006,2.1244,240.93M,-0.36%
"Oct 25, 2021",2.1448,2.1192,2.1767,2.1145,164.12M,1.20%
"Oct 24, 2021",2.1192,2.1655,2.1679,2.093,158.55M,-2.10%
"Oct 23, 2021",2.1646,2.1551,2.1744,2.1337,158.87M,0.45%
"Oct 22, 2021",2.1549,2.1368,2.2094,2.1304,277.28M,0.85%
"Oct 21, 2021",2.1368,2.1884,2.2969,2.1341,445.86M,-2.34%
"Oct 20, 2021",2.188,2.1099,2.2063,2.0919,224.73M,3.66%
"Oct 19, 2021",2.1106,2.1288,2.1571,2.0928,179.35M,-0.85%
"Oct 18, 2021",2.1288,2.1573,2.1739,2.1074,178.76M,-1.31%
"Oct 17, 2021",2.1571,2.1765,2.1883,2.0952,191.46M,-0.89%
"Oct 16, 2021",2.1765,2.2172,2.2492,2.1704,264.83M,-1.79%
"Oct 15, 2021",2.2162,2.1725,2.2419,2.1392,348.05M,2.01%
"Oct 14, 2021",2.1725,2.1877,2.2227,2.1573,203.22M,-0.70%
"Oct 13, 2021",2.1877,2.1171,2.1983,2.082,248.18M,3.34%
"Oct 12, 2021",2.1169,2.1714,2.1714,2.0729,290.96M,-2.51%
"Oct 11, 2021",2.1715,2.1892,2.249,2.1185,242.66M,-0.82%
"Oct 10, 2021",2.1895,2.2679,2.2767,2.1658,189.65M,-3.36%
"Oct 09, 2021",2.2656,2.2363,2.2998,2.2208,147.26M,1.38%
"Oct 08, 2021",2.2348,2.2765,2.3109,2.2198,178.97M,-1.82%
"Oct 07, 2021",2.2762,2.2101,2.3712,2.1521,324.64M,3.00%
"Oct 06, 2021",2.2099,2.233,2.25,2.1125,235.79M,-1.04%
"Oct 05, 2021",2.233,2.1902,2.2569,2.1799,168.24M,1.96%
"Oct 04, 2021",2.19,2.2511,2.2521,2.1512,192.08M,-2.71%
"Oct 03, 2021",2.2511,2.2487,2.3081,2.222,193.75M,0.10%
"Oct 02, 2021",2.2488,2.2554,2.3207,2.1938,274.02M,-0.37%
"Oct 01, 2021",2.2572,2.1162,2.2735,2.0929,328.38M,6.66%
"Sep 30, 2021",2.1164,2.0655,2.1349,2.0515,250.07M,2.45%
"Sep 29, 2021",2.0658,2.037,2.1424,2.022,272.69M,1.43%
"Sep 28, 2021",2.0367,2.1312,2.1716,2.03,289.31M,-4.41%
"Sep 27, 2021",2.1307,2.209,2.2726,2.1293,288.51M,-3.52%
"Sep 26, 2021",2.2084,2.2985,2.2999,2.149,452.94M,-3.92%
"Sep 25, 2021",2.2985,2.278,2.4553,2.2395,649.94M,0.90%
"Sep 24, 2021",2.278,2.3277,2.3436,2.07,656.06M,-2.13%
"Sep 23, 2021",2.3277,2.2577,2.3442,2.1808,355.13M,3.03%
"Sep 22, 2021",2.2591,1.9842,2.2659,1.9691,564.97M,13.92%
"Sep 21, 2021",1.983,2.0684,2.2239,1.9132,795.40M,-4.13%
"Sep 20, 2021",2.0684,2.2827,2.2884,1.9827,-,-9.39%
"Sep 19, 2021",2.2827,2.3719,2.3959,2.2612,222.62M,-3.76%
"Sep 18, 2021",2.3719,2.3476,2.4374,2.3126,193.89M,1.04%
"Sep 17, 2021",2.3476,2.4171,2.4396,2.3227,235.04M,-2.90%
"Sep 16, 2021",2.4176,2.5026,2.5119,2.3821,358.13M,-3.39%
"Sep 15, 2021",2.5025,2.395,2.5811,2.3643,444.87M,4.56%
"Sep 14, 2021",2.3934,2.4029,2.4362,2.324,416.79M,-0.42%
"Sep 13, 2021",2.4036,2.5829,2.5922,2.3112,683.87M,-6.96%
"Sep 12, 2021",2.5833,2.6352,2.7866,2.5061,837.41M,-1.98%
"Sep 11, 2021",2.6354,2.3834,2.7945,2.3699,9.74M,10.62%
"Sep 10, 2021",2.3825,2.5164,2.5848,2.2786,80.92M,-5.31%
"Sep 09, 2021",2.5161,2.4699,2.6202,2.3969,573.39M,1.87%
"Sep 08, 2021",2.4699,2.5047,2.5614,2.2011,785.86M,-1.39%
"Sep 07, 2021",2.5047,2.8323,2.8747,2.0316,1.24B,-11.57%
"Sep 06, 2021",2.8323,2.9106,2.9257,2.7968,324.01M,-2.71%
"Sep 05, 2021",2.9112,2.8302,2.9552,2.824,283.80M,2.86%
"Sep 04, 2021",2.8302,2.9653,2.9653,2.807,128.51M,-4.55%
"Sep 03, 2021",2.9652,2.961,3.0291,2.903,359.20M,0.14%
"Sep 02, 2021",2.961,2.8695,3.0989,2.8368,555.92M,3.17%
"Sep 01, 2021",2.87,2.7693,2.9012,2.7226,331.41M,3.63%
"Aug 31, 2021",2.7693,2.734,2.8789,2.7068,392.37M,1.25%
"Aug 30, 2021",2.7353,2.8527,2.8833,2.7226,390.90M,-4.12%
"Aug 29, 2021",2.8527,2.8464,2.9287,2.7251,396.34M,0.21%
"Aug 28, 2021",2.8467,2.946,2.9492,2.776,400.80M,-3.37%
"Aug 27, 2021",2.9459,2.5295,2.9459,2.4992,638.38M,16.22%
"Aug 26, 2021",2.5347,2.7402,2.7846,2.4701,-,-7.50%
"Aug 25, 2021",2.7402,2.7243,2.7958,2.6124,603.58M,0.58%
"Aug 24, 2021",2.7242,2.9165,2.9463,2.5985,844.24M,-6.55%
"Aug 23, 2021",2.9153,2.7058,2.9701,2.6898,841.88M,7.70%
"Aug 22, 2021",2.7068,2.436,2.7184,2.4337,621.80M,11.12%
"Aug 21, 2021",2.436,2.4553,2.5288,2.387,349.36M,-0.78%
"Aug 20, 2021",2.4553,2.439,2.5794,2.3734,810.94M,0.67%
"Aug 19, 2021",2.439,2.1049,2.4522,2.0464,867.20M,15.61%
"Aug 18, 2021",2.1097,1.9253,2.1611,1.8787,590.03M,9.57%
"Aug 17, 2021",1.9255,2.0729,2.1401,1.9131,437.15M,-7.11%
"Aug 16, 2021",2.0729,2.1669,2.1963,2.0485,509.15M,-4.38%
"Aug 15, 2021",2.1679,2.1888,2.2493,2.0321,718.04M,-0.96%
"Aug 14, 2021",2.1889,2.137,2.251,2.089,1.05B,2.43%
"Aug 13, 2021",2.137,1.8288,2.1475,1.8233,994.02M,16.85%
"Aug 12, 2021",1.8288,1.7976,1.8669,1.6808,69.99M,1.72%
"Aug 11, 2021",1.7979,1.6776,1.8917,1.6703,810.29M,7.22%
"Aug 10, 2021",1.6768,1.4754,1.6994,1.4576,558.57M,13.67%
"Aug 09, 2021",1.4752,1.4262,1.4987,1.3947,322.95M,3.42%
"Aug 08, 2021",1.4264,1.4735,1.4943,1.4077,337.15M,-3.24%
"Aug 07, 2021",1.4741,1.4011,1.4846,1.3958,396.61M,5.21%
"Aug 06, 2021",1.4011,1.3859,1.4243,1.3622,272.05M,1.10%
"Aug 05, 2021",1.3859,1.3759,1.3972,1.339,259.90M,0.72%
"Aug 04, 2021",1.3759,1.3648,1.393,1.3237,325.17M,0.81%
"Aug 03, 2021",1.3648,1.3086,1.3822,1.2626,-,4.29%
"Aug 02, 2021",1.3086,1.3143,1.3485,1.2961,231.98M,-0.58%
"Aug 01, 2021",1.3163,1.3178,1.3868,1.2996,328.16M,-0.02%
"Jul 31, 2021",1.3166,1.3104,1.3321,1.2896,222.18M,0.56%
"Jul 30, 2021",1.3093,1.2837,1.3172,1.2491,280.49M,2.03%
"Jul 29, 2021",1.2832,1.2859,1.2986,1.2588,95.20M,-0.21%
"Jul 28, 2021",1.2859,1.2804,1.3169,1.2586,340.48M,0.43%
"Jul 27, 2021",1.2805,1.2552,1.3151,1.215,418.43M,2.01%
"Jul 26, 2021",1.2552,1.2282,1.3974,1.2226,596.83M,2.20%
"Jul 25, 2021",1.2281,1.216,1.2361,1.1912,181.71M,1.08%
"Jul 24, 2021",1.215,1.2053,1.2237,1.1978,221.74M,0.80%
"Jul 23, 2021",1.2054,1.1856,1.2067,1.147,91.89M,1.65%
"Jul 22, 2021",1.1859,1.1697,1.2051,1.1503,298.36M,1.38%
"Jul 21, 2021",1.1697,1.0545,1.2211,1.0372,464.72M,10.92%
"Jul 20, 2021",1.0545,1.1223,1.1341,1.0211,412.27M,-5.95%
"Jul 19, 2021",1.1212,1.1823,1.1909,1.1167,218.34M,-5.17%
"Jul 18, 2021",1.1823,1.1713,1.2181,1.1682,185.35M,0.94%
"Jul 17, 2021",1.1713,1.1716,1.1943,1.1507,219.88M,-0.03%
"Jul 16, 2021",1.1716,1.2253,1.2435,1.166,252.66M,-4.36%
"Jul 15, 2021",1.225,1.2631,1.2886,1.206,235.34M,-3.02%
"Jul 14, 2021",1.2631,1.265,1.2887,1.1991,263.35M,-0.14%
"Jul 13, 2021",1.2649,1.3147,1.3207,1.2507,206.08M,-3.79%
"Jul 12, 2021",1.3147,1.3479,1.3731,1.2922,-,-2.46%
"Jul 11, 2021",1.3479,1.3353,1.3663,1.3232,128.62M,0.92%
"Jul 10, 2021",1.3357,1.3496,1.3654,1.3183,158.19M,-1.02%
"Jul 09, 2021",1.3495,1.3324,1.3721,1.2903,256.51M,1.28%
"Jul 08, 2021",1.3324,1.4038,1.406,1.3294,243.36M,-5.09%
"Jul 07, 2021",1.4038,1.4163,1.4401,1.4002,214.64M,-0.88%
"Jul 06, 2021",1.4163,1.404,1.4566,1.3924,231.11M,0.87%
"Jul 05, 2021",1.4041,1.4613,1.4614,1.3784,295.33M,-3.94%
"Jul 04, 2021",1.4616,1.4209,1.4943,1.4207,291.73M,2.86%
"Jul 03, 2021",1.4209,1.3955,1.4407,1.3588,337.75M,1.82%
"Jul 02, 2021",1.3955,1.333,1.3956,1.2861,374.91M,4.69%
"Jul 01, 2021",1.333,1.3838,1.384,1.3037,356.70M,-3.67%
"Jun 30, 2021",1.3838,1.3712,1.3984,1.2865,472.70M,0.92%
"Jun 29, 2021",1.3712,1.326,1.4196,1.3195,466.56M,3.51%
"Jun 28, 2021",1.3247,1.3363,1.3491,1.3044,403.52M,-0.81%
"Jun 27, 2021",1.3355,1.2517,1.3478,1.2413,429.63M,6.70%
"Jun 26, 2021",1.2517,1.2547,1.291,1.1985,634.25M,-0.24%
"Jun 25, 2021",1.2547,1.357,1.3958,1.2449,943.95M,-7.54%
"Jun 24, 2021",1.357,1.2506,1.3973,1.2029,446.00M,8.51%
"Jun 23, 2021",1.2506,1.152,1.3065,1.11,963.81M,8.56%
"Jun 22, 2021",1.152,1.1757,1.2625,1.001,462.25M,-2.02%
"Jun 21, 2021",1.1757,1.4269,1.4269,1.168,841.29M,-17.60%
"Jun 20, 2021",1.4269,1.3856,1.4269,1.3066,436.50M,2.98%
"Jun 19, 2021",1.3855,1.4127,1.4405,1.3838,323.50M,-1.94%
"Jun 18, 2021",1.4129,1.4809,1.4926,1.3756,386.36M,-4.60%
"Jun 17, 2021",1.481,1.4843,1.538,1.458,311.28M,-0.16%
"Jun 16, 2021",1.4833,1.5564,1.5747,1.4746,385.43M,-4.70%
"Jun 15, 2021",1.5565,1.5757,1.6104,1.5448,382.73M,-1.23%
"Jun 14, 2021",1.5758,1.5585,1.5934,1.5087,495.19M,1.10%
"Jun 13, 2021",1.5586,1.4773,1.5791,1.4008,594.54M,5.52%
"Jun 12, 2021",1.4772,1.4362,1.4923,1.3578,566.56M,2.87%
"Jun 11, 2021",1.436,1.5315,1.5451,1.4193,442.16M,-6.24%
"Jun 10, 2021",1.5315,1.6249,1.6362,1.5085,420.71M,-5.74%
"Jun 09, 2021",1.6248,1.5821,1.6329,1.484,615.75M,2.50%
"Jun 08, 2021",1.5851,1.5652,1.5946,1.4023,779.94M,1.33%
"Jun 07, 2021",1.5644,1.6753,1.7409,1.5529,65.27M,-6.63%
"Jun 06, 2021",1.6755,1.658,1.705,1.6463,275.21M,1.05%
"Jun 05, 2021",1.6581,1.7091,1.7818,1.6115,473.63M,-2.98%
"Jun 04, 2021",1.709,1.8443,1.8475,1.6119,777.49M,-7.35%
"Jun 03, 2021",1.8445,1.7531,1.8882,1.7171,550.63M,5.22%
"Jun 02, 2021",1.7531,1.7352,1.8025,1.7192,512.66M,1.03%
"Jun 01, 2021",1.7352,1.7399,1.7779,1.657,688.49M,-0.28%
"May 31, 2021",1.74,1.5757,1.749,1.528,694.83M,10.42%
"May 30, 2021",1.5758,1.4015,1.6874,1.3517,954.14M,12.44%
"May 29, 2021",1.4014,1.5123,1.5594,1.3354,709.80M,-7.33%
"May 28, 2021",1.5122,1.6452,1.6753,1.4525,1.01B,-8.08%
"May 27, 2021",1.6452,1.7781,1.7837,1.61,699.09M,-7.47%
"May 26, 2021",1.778,1.552,1.828,1.552,1.09B,14.56%
"May 25, 2021",1.5521,1.5475,1.6484,1.4375,1.05B,0.31%
"May 24, 2021",1.5473,1.315,1.5957,1.2663,1.36B,17.65%
"May 23, 2021",1.3152,1.463,1.5371,1.0526,1.89B,-10.11%
"May 22, 2021",1.4631,1.5476,1.5975,1.3689,1.11B,-5.46%
"May 21, 2021",1.5476,1.8033,1.8661,1.3247,1.51B,-14.18%
"May 20, 2021",1.8033,1.4718,1.9394,1.3324,1.82B,22.53%
"May 19, 2021",1.4717,2.0055,2.0269,1.0231,2.94B,-26.62%
"May 18, 2021",2.0057,2.0313,2.1462,1.9729,798.42M,-1.27%
"May 17, 2021",2.0314,2.3003,2.3259,1.9215,1.49B,-11.69%
"May 16, 2021",2.3003,2.1721,2.4601,2.0167,1.53B,5.91%
"May 15, 2021",2.172,2.0058,2.3727,1.9712,1.83B,8.30%
"May 14, 2021",2.0056,1.9291,2.0392,1.8123,935.48M,3.94%
"May 13, 2021",1.9295,1.5676,1.9697,1.5004,2.05B,23.08%
"May 12, 2021",1.5677,1.7632,1.8192,1.5498,805.11M,-11.10%
"May 11, 2021",1.7635,1.6427,1.7779,1.598,736.26M,7.33%
"May 10, 2021",1.6431,1.7714,1.8226,1.5258,990.41M,-7.17%
"May 09, 2021",1.7699,1.6207,1.8292,1.5765,882.67M,9.21%
"May 08, 2021",1.6207,1.6533,1.6533,1.5623,560.14M,-1.97%
"May 07, 2021",1.6532,1.6477,1.745,1.5287,1.04B,0.32%
"May 06, 2021",1.6478,1.4781,1.6996,1.4292,1.73B,11.49%
"May 05, 2021",1.478,1.29,1.4931,1.29,783.15M,14.66%
"May 04, 2021",1.289,1.2793,1.3074,1.2757,585.18M,-5.37%
"May 03, 2021",1.3622,1.3267,1.3799,1.3215,390.15M,2.68%
"May 02, 2021",1.3266,1.3514,1.3546,1.2952,325.32M,-1.87%
"May 01, 2021",1.3518,1.3521,1.3676,1.3168,317.78M,-0.02%
"Apr 30, 2021",1.3521,1.3069,1.3699,1.2876,459.62M,3.45%
"Apr 29, 2021",1.307,1.3369,1.4103,1.2681,817.53M,-2.24%
"Apr 28, 2021",1.3369,1.3075,1.3485,1.235,575.49M,2.21%
"Apr 27, 2021",1.3079,1.2348,1.3326,1.2263,579.44M,5.95%
"Apr 26, 2021",1.2345,1.0901,1.2499,1.082,713.34M,13.27%
"Apr 25, 2021",1.0899,1.1027,1.146,1.0204,505.26M,-1.11%
"Apr 24, 2021",1.1021,1.1567,1.1961,1.096,813.89M,-4.73%
"Apr 23, 2021",1.1568,1.1462,1.166,0.9438,1.55B,0.92%
"Apr 22, 2021",1.1463,1.2044,1.2787,1.1181,812.88M,-4.83%
"Apr 21, 2021",1.2045,1.2674,1.2864,1.1989,611.42M,-4.96%
"Apr 20, 2021",1.2674,1.1959,1.2811,1.13,794.19M,5.98%
"Apr 19, 2021",1.1959,1.2769,1.3231,1.1724,1.02B,-6.35%
"Apr 18, 2021",1.2769,1.3708,1.3813,1.0791,1.43B,-6.85%
"Apr 17, 2021",1.3709,1.4108,1.4568,1.3589,603.76M,-2.84%
"Apr 16, 2021",1.4109,1.4787,1.518,1.336,901.35M,-4.58%
"Apr 15, 2021",1.4787,1.4518,1.4919,1.4122,794.86M,1.86%
"Apr 14, 2021",1.4517,1.4124,1.5566,1.3547,1.61B,2.78%
"Apr 13, 2021",1.4124,1.3154,1.4367,1.2831,208.73M,7.36%
"Apr 12, 2021",1.3155,1.2633,1.3494,1.2633,873.74M,4.15%
"Apr 11, 2021",1.2631,1.2179,1.2898,1.1999,667.69M,3.71%
"Apr 10, 2021",1.2179,1.2021,1.2509,1.1949,432.91M,1.33%
"Apr 09, 2021",1.2019,1.2187,1.2289,1.1926,277.94M,-1.39%
"Apr 08, 2021",1.2189,1.1724,1.2242,1.1705,394.52M,3.82%
"Apr 07, 2021",1.174,1.2519,1.2891,1.1601,742.13M,-6.22%
"Apr 06, 2021",1.2519,1.2117,1.337,1.1917,1.11B,3.32%
"Apr 05, 2021",1.2117,1.182,1.2251,1.1624,484.02M,2.51%
"Apr 04, 2021",1.1819,1.1633,1.1927,1.1534,370.27M,1.60%
"Apr 03, 2021",1.1633,1.1903,1.2406,1.16,531.51M,-2.26%
"Apr 02, 2021",1.1903,1.1828,1.2438,1.1813,431.79M,0.63%
"Apr 01, 2021",1.1828,1.1915,1.2075,1.173,367.82M,-0.72%
"Mar 31, 2021",1.1913,1.2128,1.2128,1.1565,466.52M,-1.76%
"Mar 30, 2021",1.2126,1.2027,1.2344,1.19,397.50M,0.82%
"Mar 29, 2021",1.2028,1.1897,1.2292,1.1789,401.46M,1.12%
"Mar 28, 2021",1.1895,1.1767,1.2191,1.1674,394.82M,1.08%
"Mar 27, 2021",1.1768,1.2145,1.237,1.1577,474.01M,-3.10%
"Mar 26, 2021",1.2145,1.0964,1.2856,1.0955,1.05B,10.76%
"Mar 25, 2021",1.0964,1.0677,1.1472,1.0485,699.56M,2.45%
"Mar 24, 2021",1.0702,1.1151,1.1635,1.0401,499.18M,-4.14%
"Mar 23, 2021",1.1163,1.103,1.1728,1.082,562.87M,1.17%
"Mar 22, 2021",1.1035,1.1862,1.2076,1.08,611.13M,-7.02%
"Mar 21, 2021",1.1868,1.2005,1.2411,1.1608,514.59M,-1.13%
"Mar 20, 2021",1.2004,1.2958,1.3081,1.2003,658.17M,-7.37%
"Mar 19, 2021",1.2959,1.2313,1.3419,1.1835,1.26B,5.26%
"Mar 18, 2021",1.2312,1.3776,1.4719,1.2247,2.04B,-10.61%
"Mar 17, 2021",1.3774,1.2493,1.4283,1.2045,1.64B,10.26%
"Mar 16, 2021",1.2493,1.0306,1.2632,1.0018,1.77B,21.18%
"Mar 15, 2021",1.031,1.0552,1.0703,1.0011,657.33M,-2.29%
"Mar 14, 2021",1.0551,1.1013,1.1019,1.0551,553.68M,-4.19%
"Mar 13, 2021",1.1013,1.0321,1.188,0.9881,977.08M,6.71%
"Mar 12, 2021",1.0321,1.1243,1.127,1.0298,642.18M,-8.19%
"Mar 11, 2021",1.1242,1.1334,1.139,1.1089,477.61M,-0.79%
"Mar 10, 2021",1.1331,1.1971,1.2069,1.118,626.55M,-5.35%
"Mar 09, 2021",1.1972,1.1185,1.2184,1.1126,898.49M,7.04%
"Mar 08, 2021",1.1185,1.1314,1.178,1.1067,625.53M,-1.19%
"Mar 07, 2021",1.1319,1.1294,1.1444,1.107,445.10M,0.25%
"Mar 06, 2021",1.129,1.1583,1.1816,1.0867,757.08M,-2.52%
"Mar 05, 2021",1.1582,1.1125,1.1957,1.0379,1.31B,4.11%
"Mar 04, 2021",1.1125,1.2144,1.2299,1.0684,1.10B,-8.39%
"Mar 03, 2021",1.2143,1.2245,1.2655,1.209,707.02M,-0.84%
"Mar 02, 2021",1.2246,1.2962,1.299,1.1823,1.10B,-5.52%
"Mar 01, 2021",1.2962,1.3118,1.3441,1.2331,1.61B,-0.88%
"Feb 28, 2021",1.3077,1.3166,1.3585,1.1586,2.49B,-0.68%
"Feb 27, 2021",1.3166,1.2416,1.4841,1.2305,3.07B,6.04%
"Feb 26, 2021",1.2416,1.0751,1.295,0.993,2.73B,15.48%
"Feb 25, 2021",1.0752,1.0486,1.1733,1.0128,1.56B,2.58%
"Feb 24, 2021",1.0481,0.9638,1.0751,0.8996,1.67B,8.73%
"Feb 23, 2021",0.964,1.0973,1.1405,0.8115,2.65B,-12.12%
"Feb 22, 2021",1.0969,1.0998,1.1445,0.8389,2.03B,-0.27%
"Feb 21, 2021",1.0998,1.1156,1.1497,1.075,1.18B,-1.46%
"Feb 20, 2021",1.1161,0.926,1.1971,0.9142,279.64M,20.55%
"Feb 19, 2021",0.9259,0.9137,0.9454,0.8808,839.10M,1.33%
"Feb 18, 2021",0.9138,0.8917,0.9566,0.8917,904.68M,2.47%
"Feb 17, 2021",0.8917,0.8704,0.8971,0.8239,750.02M,2.45%
"Feb 16, 2021",0.8704,0.8599,0.9051,0.8348,929.87M,1.19%
"Feb 15, 2021",0.8602,0.8444,0.9104,0.6891,1.44B,1.87%
"Feb 14, 2021",0.8444,0.9124,0.9187,0.8082,874.61M,-7.32%
"Feb 13, 2021",0.9111,0.9248,0.95,0.8251,993.01M,-1.48%
"Feb 12, 2021",0.9249,0.9293,0.9474,0.868,1.08B,-0.48%
"Feb 11, 2021",0.9293,0.9404,0.9791,0.8668,1.77B,-1.18%
"Feb 10, 2021",0.9404,0.7058,0.9496,0.7058,2.50B,33.23%
"Feb 09, 2021",0.7058,0.6778,0.7119,0.666,1.12B,4.20%
"Feb 08, 2021",0.6774,0.6626,0.7227,0.6339,2.06B,2.24%
"Feb 07, 2021",0.6626,0.6339,0.7067,0.5858,2.60B,4.53%
"Feb 06, 2021",0.6339,0.5387,0.6658,0.5209,2.08B,17.52%
"Feb 05, 2021",0.5393,0.4395,0.5594,0.4366,2.00B,22.71%
"Feb 04, 2021",0.4395,0.4419,0.4496,0.4109,736.38M,-0.53%
"Feb 03, 2021",0.4419,0.4258,0.4484,0.4154,1.10B,3.78%
"Feb 02, 2021",0.4258,0.4084,0.4552,0.3891,2.25B,4.27%
"Feb 01, 2021",0.4083,0.3451,0.423,0.3334,1.32B,18.35%
"Jan 31, 2021",0.345,0.3636,0.3766,0.3382,662.74M,-5.12%
"Jan 30, 2021",0.3636,0.3474,0.3755,0.3373,871.81M,4.61%
"Jan 29, 2021",0.3476,0.3438,0.3679,0.331,1.07B,1.12%
"Jan 28, 2021",0.3437,0.3119,0.3552,0.3046,833.04M,10.19%
"Jan 27, 2021",0.312,0.3435,0.3438,0.3047,761.35M,-9.19%
"Jan 26, 2021",0.3435,0.3431,0.3506,0.3247,627.44M,0.13%
"Jan 25, 2021",0.3431,0.3531,0.3639,0.3407,752.02M,-2.85%
"Jan 24, 2021",0.3532,0.3457,0.3688,0.3374,802.72M,2.20%
"Jan 23, 2021",0.3456,0.3491,0.3575,0.3361,897.55M,-1.23%
"Jan 22, 2021",0.3499,0.3078,0.3596,0.281,1.53B,13.69%
"Jan 21, 2021",0.3077,0.3755,0.3786,0.3,1.29B,-18.05%
"Jan 20, 2021",0.3755,0.3678,0.3765,0.3311,1.11B,2.10%
"Jan 19, 2021",0.3678,0.371,0.3847,0.3628,984.20M,-0.87%
"Jan 18, 2021",0.371,0.3813,0.3967,0.3648,1.24B,-2.70%
"Jan 17, 2021",0.3813,0.3505,0.3971,0.3416,2.25B,8.56%
"Jan 16, 2021",0.3512,0.3025,0.3667,0.3023,1.95B,16.10%
"Jan 15, 2021",0.3025,0.3126,0.331,0.2788,1.36B,-2.74%
"Jan 14, 2021",0.311,0.3127,0.3241,0.2986,-,-0.55%
"Jan 13, 2021",0.3127,0.2887,0.3154,0.2713,1.17B,8.74%
"Jan 12, 2021",0.2876,0.2759,0.3139,0.2641,1.87B,4.24%
"Jan 11, 2021",0.2759,0.3017,0.3035,0.2303,2.02B,-8.74%
"Jan 10, 2021",0.3023,0.3302,0.3405,0.2801,1.43B,-8.43%
"Jan 09, 2021",0.3302,0.3039,0.3382,0.2962,1.34B,8.62%
"Jan 08, 2021",0.304,0.298,0.3213,0.2647,2.23B,1.98%
"Jan 07, 2021",0.298,0.3328,0.3535,0.28,2.42B,-10.44%
"Jan 06, 2021",0.3328,0.2589,0.347,0.2541,3.05B,28.66%
"Jan 05, 2021",0.2586,0.2258,0.2639,0.2072,2.21B,14.52%
"Jan 04, 2021",0.2258,0.2057,0.2396,0.1927,2.23B,9.82%
"Jan 03, 2021",0.2057,0.1773,0.2096,0.1729,1.39B,15.97%
"Jan 02, 2021",0.1773,0.1751,0.1845,0.1686,980.36M,1.31%
"Jan 01, 2021",0.175,0.1814,0.1846,0.1702,770.70M,-3.49%
"Dec 31, 2020",0.1814,0.184,0.1862,0.1758,731.46M,-1.44%
"Dec 30, 2020",0.184,0.191,0.1932,0.1753,1.18B,-3.64%
"Dec 29, 2020",0.191,0.1764,0.1966,0.1736,2.11B,8.26%
"Dec 28, 2020",0.1764,0.1546,0.1801,0.153,1.29B,14.09%
"Dec 27, 2020",0.1546,0.1583,0.1661,0.1496,1.18B,-2.33%
"Dec 26, 2020",0.1583,0.1575,0.1624,0.1492,913.69M,0.51%
"Dec 25, 2020",0.1575,0.153,0.1669,0.1503,983.16M,2.96%
"Dec 24, 2020",0.153,0.1365,0.1545,0.1318,1.09B,12.07%
"Dec 23, 2020",0.1365,0.1566,0.1578,0.1264,1.20B,-12.86%
"Dec 22, 2020",0.1567,0.1527,0.161,0.1491,777.26M,2.59%
"Dec 21, 2020",0.1527,0.162,0.1661,0.1479,700.21M,-5.74%
"Dec 20, 2020",0.162,0.1643,0.1689,0.1579,571.96M,-1.40%
"Dec 19, 2020",0.1643,0.165,0.1705,0.163,570.48M,-0.44%
"Dec 18, 2020",0.165,0.1634,0.1694,0.1587,705.00M,0.98%
"Dec 17, 2020",0.1634,0.1682,0.176,0.1608,1.11B,-2.84%
"Dec 16, 2020",0.1682,0.1538,0.1683,0.1492,756.99M,9.35%
"Dec 15, 2020",0.1538,0.1582,0.16,0.1529,439.64M,-2.84%
"Dec 14, 2020",0.1583,0.1541,0.1584,0.1496,363.18M,2.77%
"Dec 13, 2020",0.154,0.1443,0.1566,0.143,525.60M,6.79%
"Dec 12, 2020",0.1443,0.1392,0.1472,0.1391,411.01M,3.62%
"Dec 11, 2020",0.1392,0.1417,0.1428,0.1349,505.09M,-1.73%
"Dec 10, 2020",0.1417,0.148,0.1486,0.1396,489.74M,-4.26%
"Dec 09, 2020",0.148,0.1413,0.1501,0.13,853.86M,4.75%
"Dec 08, 2020",0.1413,0.154,0.1549,0.1383,687.63M,-8.30%
"Dec 07, 2020",0.154,0.1587,0.1589,0.1515,413.79M,-2.91%
"Dec 06, 2020",0.1587,0.1599,0.1626,0.1532,494.18M,-0.79%
"Dec 05, 2020",0.1599,0.1478,0.1618,0.1462,614.13M,8.19%
"Dec 04, 2020",0.1478,0.1641,0.1645,0.1464,750.34M,-9.92%
"Dec 03, 2020",0.1641,0.1587,0.1682,0.1557,705.56M,3.44%
"Dec 02, 2020",0.1587,0.1557,0.1597,0.1509,811.58M,2.00%
"Dec 01, 2020",0.1555,0.1721,0.1743,0.1438,1.66B,-9.61%
"Nov 30, 2020",0.1721,0.1665,0.1736,0.1601,1.46B,3.36%
"Nov 29, 2020",0.1665,0.1649,0.171,0.1574,1.43B,0.94%
"Nov 28, 2020",0.1649,0.1415,0.172,0.1391,1.77B,16.59%
"Nov 27, 2020",0.1415,0.1385,0.1452,0.1308,1.22B,2.14%
"Nov 26, 2020",0.1385,0.1552,0.1603,0.1207,2.26B,-10.78%
"Nov 25, 2020",0.1552,0.167,0.1753,0.1476,1.62B,-7.05%
"Nov 24, 2020",0.167,0.1693,0.1826,0.1519,2.53B,8.06%
"Nov 23, 2020",0.1545,0.1457,0.1589,0.1414,2.05B,6.10%
"Nov 22, 2020",0.1457,0.1335,0.1533,0.1201,2.69B,9.07%
"Nov 21, 2020",0.1335,0.1184,0.1346,0.1164,1.50B,12.84%
"Nov 20, 2020",0.1183,0.1059,0.1189,0.1056,720.77M,11.77%
"Nov 19, 2020",0.1059,0.1065,0.1081,0.1045,449.27M,-0.61%
"Nov 18, 2020",0.1065,0.1095,0.1115,0.1023,692.60M,-2.72%
"Nov 17, 2020",0.1095,0.1039,0.1122,0.1036,662.41M,5.42%
"Nov 16, 2020",0.1039,0.1006,0.1049,0.0995,342.83M,3.29%
"Nov 15, 2020",0.1006,0.1041,0.1053,0.0986,380.82M,-3.35%
"Nov 14, 2020",0.1041,0.1063,0.1072,0.1015,545.70M,-2.14%
"Nov 13, 2020",0.1063,0.1046,0.108,0.1041,424.38M,1.70%
"Nov 12, 2020",0.1046,0.106,0.1066,0.1026,386.56M,-1.35%
"Nov 11, 2020",0.106,0.106,0.1088,0.1055,424.73M,0.00%
"Nov 10, 2020",0.106,0.1053,0.1091,0.1038,485.03M,0.61%
"Nov 09, 2020",0.1053,0.1066,0.108,0.1014,563.63M,-1.16%
"Nov 08, 2020",0.1066,0.1013,0.1083,0.1,503.32M,5.21%
"Nov 07, 2020",0.1013,0.1091,0.1137,0.0991,1.08B,-7.08%
"Nov 06, 2020",0.109,0.0975,0.11,0.0971,756.24M,11.77%
"Nov 05, 2020",0.0975,0.0954,0.098,0.0921,545.76M,2.20%
"Nov 04, 2020",0.0954,0.0936,0.0962,0.0917,504.11M,1.95%
"Nov 03, 2020",0.0936,0.0923,0.094,0.0882,463.60M,1.46%
"Nov 02, 2020",0.0923,0.0981,0.1,0.0916,479.67M,-5.95%
"Nov 01, 2020",0.0981,0.093,0.0986,0.0926,68.03M,5.51%
"Oct 31, 2020",0.093,0.0933,0.0954,0.0921,402.66M,-0.36%
"Oct 30, 2020",0.0933,0.0954,0.0956,0.0897,573.50M,-2.21%
"Oct 29, 2020",0.0954,0.0987,0.1007,0.0949,519.80M,-3.41%
"Oct 28, 2020",0.0988,0.1026,0.1033,0.0954,559.72M,-3.74%
"Oct 27, 2020",0.1026,0.1031,0.1056,0.1019,399.49M,-0.43%
"Oct 26, 2020",0.1031,0.1064,0.1075,0.0991,455.16M,-3.10%
"Oct 25, 2020",0.1064,0.108,0.1087,0.1061,260.65M,-1.52%
"Oct 24, 2020",0.108,0.1081,0.1098,0.1073,328.29M,-0.07%
"Oct 23, 2020",0.1081,0.1108,0.112,0.1054,385.50M,-2.44%
"Oct 22, 2020",0.1108,0.1059,0.1127,0.1052,517.21M,4.47%
"Oct 21, 2020",0.106,0.1023,0.1085,0.1014,582.73M,3.69%
"Oct 20, 2020",0.1023,0.1086,0.1088,0.1009,635.03M,-5.93%
"Oct 19, 2020",0.1087,0.1073,0.111,0.1061,402.60M,1.27%
"Oct 18, 2020",0.1073,0.1059,0.1076,0.1051,253.57M,1.28%
"Oct 17, 2020",0.106,0.1041,0.1072,0.1032,347.45M,1.90%
"Oct 16, 2020",0.104,0.1066,0.1073,0.1023,73.15M,-2.49%
"Oct 15, 2020",0.1067,0.1071,0.1076,0.1046,449.88M,-0.38%
"Oct 14, 2020",0.1071,0.1093,0.1123,0.1053,675.41M,-2.08%
"Oct 13, 2020",0.1093,0.1095,0.1142,0.1077,864.29M,-0.17%
"Oct 12, 2020",0.1095,0.1065,0.1134,0.1023,817.34M,2.86%
"Oct 11, 2020",0.1065,0.105,0.109,0.1042,636.86M,1.44%
"Oct 10, 2020",0.105,0.1013,0.1111,0.1013,1.01B,3.60%
"Oct 09, 2020",0.1013,0.0962,0.1025,0.0949,610.83M,5.34%
"Oct 08, 2020",0.0962,0.0937,0.0971,0.09,522.49M,2.61%
"Oct 07, 2020",0.0937,0.0929,0.0944,0.0895,415.84M,0.89%
"Oct 06, 2020",0.0929,0.0975,0.0986,0.0915,563.64M,-4.67%
"Oct 05, 2020",0.0975,0.0968,0.0994,0.0959,506.97M,0.67%
"Oct 04, 2020",0.0968,0.0933,0.098,0.0921,403.64M,3.79%
"Oct 03, 2020",0.0933,0.0928,0.0952,0.0922,373.34M,0.53%
"Oct 02, 2020",0.0928,0.098,0.1002,0.0899,794.85M,-5.33%
"Oct 01, 2020",0.098,0.1013,0.1045,0.0951,633.98M,-3.29%
"Sep 30, 2020",0.1013,0.1011,0.1016,0.0968,519.54M,0.26%
"Sep 29, 2020",0.1011,0.1004,0.1035,0.0975,627.55M,0.65%
"Sep 28, 2020",0.1004,0.1013,0.1066,0.1001,788.73M,-0.85%
"Sep 27, 2020",0.1013,0.0955,0.1024,0.0943,716.50M,6.11%
"Sep 26, 2020",0.0955,0.0969,0.0997,0.0924,678.24M,-1.49%
"Sep 25, 2020",0.0969,0.0825,0.0985,0.0824,1.17B,17.40%
"Sep 24, 2020",0.0825,0.0766,0.0837,0.0756,641.68M,7.77%
"Sep 23, 2020",0.0766,0.0815,0.0828,0.0756,493.21M,-5.98%
"Sep 22, 2020",0.0815,0.0797,0.0833,0.0793,527.85M,2.22%
"Sep 21, 2020",0.0797,0.0893,0.0901,0.0775,806.98M,-10.76%
"Sep 20, 2020",0.0893,0.0914,0.0922,0.0876,385.33M,-2.31%
"Sep 19, 2020",0.0914,0.091,0.0931,0.0905,342.09M,0.38%
"Sep 18, 2020",0.0911,0.0941,0.0941,0.0897,234.73M,-3.19%
"Sep 17, 2020",0.0941,0.0914,0.0946,0.0908,539.47M,2.93%
"Sep 16, 2020",0.0914,0.0931,0.0933,0.0897,637.88M,-1.83%
"Sep 15, 2020",0.0931,0.0966,0.0979,0.0929,549.79M,-3.65%
"Sep 14, 2020",0.0966,0.095,0.098,0.0931,552.29M,1.69%
"Sep 13, 2020",0.095,0.0977,0.0997,0.0926,452.10M,-2.70%
"Sep 12, 2020",0.0977,0.0969,0.0984,0.0945,349.31M,0.75%
"Sep 11, 2020",0.0969,0.097,0.0975,0.0931,456.90M,-0.08%
"Sep 10, 2020",0.097,0.0933,0.0994,0.0933,579.55M,3.95%
"Sep 09, 2020",0.0933,0.091,0.0957,0.0893,459.46M,2.53%
"Sep 08, 2020",0.091,0.0936,0.0969,0.0885,725.15M,-2.73%
"Sep 07, 2020",0.0936,0.0926,0.0941,0.0863,689.52M,1.05%
"Sep 06, 2020",0.0926,0.09,0.0956,0.0856,713.37M,2.92%
"Sep 05, 2020",0.09,0.1017,0.1039,0.0862,989.94M,-11.51%
"Sep 04, 2020",0.1017,0.0948,0.1039,0.0928,1.24B,7.26%
"Sep 03, 2020",0.0948,0.1149,0.1169,0.0928,982.10M,-17.54%
"Sep 02, 2020",0.1149,0.1245,0.1264,0.111,692.55M,-7.69%
"Sep 01, 2020",0.1245,0.1225,0.128,0.1191,647.01M,1.68%
"Aug 31, 2020",0.1225,0.1175,0.1266,0.1131,805.51M,4.22%
"Aug 30, 2020",0.1175,0.1162,0.1187,0.1137,438.73M,1.07%
"Aug 29, 2020",0.1163,0.1093,0.1178,0.1082,430.43M,6.37%
"Aug 28, 2020",0.1093,0.1072,0.1113,0.1061,498.13M,1.97%
"Aug 27, 2020",0.1072,0.1144,0.1156,0.1022,734.80M,-6.31%
"Aug 26, 2020",0.1144,0.1124,0.1181,0.1102,601.41M,1.79%
"Aug 25, 2020",0.1124,0.1236,0.1239,0.1055,868.15M,-9.10%
"Aug 24, 2020",0.1236,0.1214,0.1269,0.1201,403.13M,1.85%
"Aug 23, 2020",0.1214,0.1253,0.1259,0.1195,365.80M,-3.09%
"Aug 22, 2020",0.1253,0.1229,0.1262,0.1184,459.12M,1.90%
"Aug 21, 2020",0.1229,0.134,0.1342,0.1215,568.98M,-8.26%
"Aug 20, 2020",0.134,0.1296,0.1344,0.1261,465.46M,3.40%
"Aug 19, 2020",0.1296,0.137,0.1382,0.1266,632.39M,-5.39%
"Aug 18, 2020",0.137,0.1405,0.1439,0.1345,503.01M,-2.50%
"Aug 17, 2020",0.1405,0.1388,0.1447,0.1374,652.12M,1.21%
"Aug 16, 2020",0.1388,0.1384,0.1395,0.135,373.36M,0.29%
"Aug 15, 2020",0.1384,0.1383,0.1416,0.1365,468.83M,0.10%
"Aug 14, 2020",0.1383,0.1394,0.141,0.1375,437.03M,-0.80%
"Aug 13, 2020",0.1394,0.1367,0.1419,0.1322,629.97M,1.99%
"Aug 12, 2020",0.1367,0.1369,0.1378,0.1243,688.90M,-0.14%
"Aug 11, 2020",0.1368,0.1439,0.1444,0.1318,577.55M,-4.87%
"Aug 10, 2020",0.1439,0.1452,0.1465,0.1419,538.55M,-0.91%
"Aug 09, 2020",0.1452,0.1468,0.1522,0.1421,680.86M,-1.09%
"Aug 08, 2020",0.1468,0.1388,0.1475,0.1373,497.23M,5.77%
"Aug 07, 2020",0.1388,0.1443,0.147,0.1333,545.18M,-3.83%
"Aug 06, 2020",0.1443,0.1422,0.1457,0.14,443.60M,1.46%
"Aug 05, 2020",0.1422,0.1433,0.1452,0.1403,460.38M,-0.73%
"Aug 04, 2020",0.1433,0.1372,0.1479,0.1363,677.47M,4.41%
"Aug 03, 2020",0.1372,0.1337,0.1391,0.1322,424.27M,2.61%
"Aug 02, 2020",0.1337,0.1442,0.1482,0.1267,902.03M,-7.24%
"Aug 01, 2020",0.1442,0.1388,0.1466,0.1383,674.87M,3.82%
"Jul 31, 2020",0.1388,0.1405,0.1411,0.1359,416.19M,-1.15%
"Jul 30, 2020",0.1405,0.1392,0.1425,0.137,498.13M,0.89%
"Jul 29, 2020",0.1392,0.1488,0.1497,0.1386,817.30M,-6.43%
"Jul 28, 2020",0.1488,0.1387,0.1507,0.1349,1.18B,7.31%
"Jul 27, 2020",0.1387,0.1482,0.1497,0.1304,1.72B,-6.42%
"Jul 26, 2020",0.1482,0.1435,0.1542,0.1416,1.60B,3.24%
"Jul 25, 2020",0.1435,0.122,0.1456,0.1219,1.37B,17.68%
"Jul 24, 2020",0.122,0.1242,0.1243,0.1208,353.46M,-1.80%
"Jul 23, 2020",0.1242,0.1238,0.126,0.1237,410.78M,0.28%
"Jul 22, 2020",0.1238,0.1231,0.1245,0.1205,352.25M,0.58%
"Jul 21, 2020",0.1231,0.1178,0.1245,0.1169,512.49M,4.56%
"Jul 20, 2020",0.1178,0.124,0.1241,0.1161,438.33M,-4.99%
"Jul 19, 2020",0.1239,0.1227,0.1247,0.1213,376.55M,1.03%
"Jul 18, 2020",0.1227,0.1222,0.1247,0.1183,553.94M,0.36%
"Jul 17, 2020",0.1222,0.126,0.1265,0.1219,579.38M,-2.99%
"Jul 16, 2020",0.126,0.1306,0.133,0.1187,1.12B,-3.52%
"Jul 15, 2020",0.1306,0.1324,0.1327,0.1275,748.53M,-1.37%
"Jul 14, 2020",0.1324,0.1244,0.1348,0.1212,1.16B,6.42%
"Jul 13, 2020",0.1244,0.1269,0.1357,0.1222,1.41B,-1.96%
"Jul 12, 2020",0.1269,0.1252,0.1284,0.1206,887.71M,1.37%
"Jul 11, 2020",0.1252,0.1184,0.127,0.118,972.21M,5.74%
"Jul 10, 2020",0.1184,0.124,0.1242,0.1105,1.47B,-4.52%
"Jul 09, 2020",0.124,0.1299,0.1299,0.1177,1.75B,-4.56%
"Jul 08, 2020",0.1299,0.1177,0.1382,0.115,2.92B,10.43%
"Jul 07, 2020",0.1177,0.1051,0.1189,0.103,1.49B,11.97%
"Jul 06, 2020",0.1051,0.0983,0.1064,0.0973,971.56M,6.94%
"Jul 05, 2020",0.0983,0.1,0.1001,0.0943,828.32M,-1.74%
"Jul 04, 2020",0.1,0.0966,0.1011,0.096,962.94M,3.56%
"Jul 03, 2020",0.0966,0.0929,0.1019,0.0923,1.38B,3.89%
"Jul 02, 2020",0.0929,0.0969,0.0969,0.088,1.40B,-4.03%
"Jul 01, 2020",0.0969,0.083,0.0969,0.0825,1.11B,16.64%
"Jun 30, 2020",0.083,0.0839,0.0847,0.0819,455.05M,-1.02%
"Jun 29, 2020",0.0839,0.0803,0.0844,0.0803,655.43M,4.43%
"Jun 28, 2020",0.0803,0.0774,0.0811,0.0763,487.63M,3.80%
"Jun 27, 2020",0.0774,0.0806,0.081,0.0749,459.37M,-4.03%
"Jun 26, 2020",0.0806,0.0817,0.0818,0.0797,370.20M,-1.25%
"Jun 25, 2020",0.0817,0.0825,0.0835,0.0788,559.70M,-1.08%
"Jun 24, 2020",0.0825,0.0828,0.0871,0.0801,874.13M,-0.28%
"Jun 23, 2020",0.0828,0.0836,0.0844,0.0816,388.38M,-0.96%
"Jun 22, 2020",0.0836,0.0784,0.0839,0.0783,461.60M,6.62%
"Jun 21, 2020",0.0784,0.0795,0.0809,0.0782,328.80M,-1.43%
"Jun 20, 2020",0.0795,0.0799,0.0802,0.0772,371.98M,-0.51%
"Jun 19, 2020",0.0799,0.0818,0.0819,0.0787,551.93M,-2.31%
"Jun 18, 2020",0.0818,0.0835,0.0845,0.0801,650.93M,-1.94%
"Jun 17, 2020",0.0834,0.0792,0.0837,0.0774,857.71M,5.39%
"Jun 16, 2020",0.0792,0.0782,0.0796,0.0768,645.47M,1.21%
"Jun 15, 2020",0.0782,0.0764,0.0798,0.0695,1.11B,2.38%
"Jun 14, 2020",0.0764,0.079,0.0791,0.0758,271.37M,-3.33%
"Jun 13, 2020",0.079,0.0795,0.0796,0.0773,399.50M,-0.54%
"Jun 12, 2020",0.0795,0.0753,0.0808,0.075,674.43M,5.59%
"Jun 11, 2020",0.0753,0.0836,0.085,0.0742,986.23M,-9.93%
"Jun 10, 2020",0.0836,0.0829,0.0839,0.0795,845.30M,0.79%
"Jun 09, 2020",0.0829,0.0864,0.0867,0.0829,417.68M,-4.09%
"Jun 08, 2020",0.0864,0.0865,0.0869,0.0846,433.67M,-0.11%
"Jun 07, 2020",0.0865,0.0862,0.0886,0.0828,848.38M,0.41%
"Jun 06, 2020",0.0862,0.0852,0.0872,0.0849,538.99M,1.17%
"Jun 05, 2020",0.0852,0.0888,0.0891,0.084,1.05B,-4.08%
"Jun 04, 2020",0.0888,0.0855,0.0902,0.084,1.88B,3.86%
"Jun 03, 2020",0.0855,0.0788,0.0857,0.0773,1.63B,8.53%
"Jun 02, 2020",0.0788,0.0809,0.0824,0.0717,1.70B,-2.64%
"Jun 01, 2020",0.0809,0.0742,0.0829,0.0737,2.07B,9.11%
"May 31, 2020",0.0742,0.0769,0.0863,0.0724,2.73B,-3.53%
"May 30, 2020",0.0769,0.0647,0.0774,0.0637,1.72B,18.81%
"May 29, 2020",0.0647,0.065,0.0665,0.0626,1.02B,-0.42%
"May 28, 2020",0.065,0.0551,0.0674,0.0549,1.06B,17.91%
"May 27, 2020",0.0551,0.0535,0.0559,0.053,451.11M,2.92%
"May 26, 2020",0.0535,0.0539,0.0541,0.052,390.24M,-0.65%
"May 25, 2020",0.0539,0.0514,0.0543,0.0511,485.43M,4.75%
"May 24, 2020",0.0514,0.0549,0.0561,0.0514,410.63M,-6.31%
"May 23, 2020",0.0549,0.0557,0.0565,0.0542,358.31M,-1.51%
"May 22, 2020",0.0557,0.0521,0.057,0.0513,612.15M,7.03%
"May 21, 2020",0.0521,0.0569,0.0576,0.0504,710.78M,-8.42%
"May 20, 2020",0.0569,0.0568,0.0576,0.0541,539.81M,0.19%
"May 19, 2020",0.0568,0.0543,0.057,0.0526,520.70M,4.50%
"May 18, 2020",0.0543,0.0513,0.055,0.0511,591.41M,5.92%
"May 17, 2020",0.0513,0.051,0.0522,0.0509,259.51M,0.51%
"May 16, 2020",0.051,0.0503,0.0514,0.0499,337.38M,1.51%
"May 15, 2020",0.0503,0.051,0.0519,0.0498,441.86M,-1.42%
"May 14, 2020",0.051,0.0515,0.052,0.0504,470.38M,-0.99%
"May 13, 2020",0.0515,0.0504,0.0522,0.0496,498.25M,2.14%
"May 12, 2020",0.0504,0.0479,0.051,0.0477,654.24M,5.02%
"May 11, 2020",0.048,0.0476,0.05,0.045,1.02B,0.80%
"May 10, 2020",0.0476,0.0515,0.0516,0.0427,1.16B,-7.49%
"May 09, 2020",0.0515,0.052,0.053,0.0514,457.37M,-0.97%
"May 08, 2020",0.052,0.0512,0.0537,0.0509,606.90M,1.59%
"May 07, 2020",0.0512,0.0489,0.0515,0.0484,491.77M,4.59%
"May 06, 2020",0.0489,0.0495,0.0511,0.0487,426.75M,-1.03%
"May 05, 2020",0.0495,0.0494,0.0505,0.0487,453.11M,0.00%
"May 04, 2020",0.0494,0.049,0.0501,0.0461,748.26M,0.86%
"May 03, 2020",0.049,0.0509,0.0517,0.0477,496.99M,-3.72%
"May 02, 2020",0.0509,0.0509,0.0514,0.0495,411.83M,0.00%
"May 01, 2020",0.0509,0.0476,0.0518,0.0475,630.03M,7.06%
"Apr 30, 2020",0.0476,0.0514,0.0543,0.0471,1.22B,-7.54%
"Apr 29, 2020",0.0514,0.0468,0.052,0.0468,839.19M,9.90%
"Apr 28, 2020",0.0468,0.0465,0.048,0.046,567.45M,0.69%
"Apr 27, 2020",0.0465,0.0459,0.0476,0.0443,756.60M,1.22%
"Apr 26, 2020",0.0459,0.0422,0.0461,0.0419,671.41M,8.75%
"Apr 25, 2020",0.0422,0.0417,0.0436,0.0411,468.58M,1.40%
"Apr 24, 2020",0.0417,0.0408,0.0439,0.0408,845.26M,2.01%
"Apr 23, 2020",0.0408,0.0366,0.0425,0.0365,857.99M,11.49%
"Apr 22, 2020",0.0366,0.0345,0.0367,0.0344,256.43M,6.05%
"Apr 21, 2020",0.0345,0.0339,0.035,0.0338,299.92M,1.73%
"Apr 20, 2020",0.0339,0.0355,0.0366,0.0339,427.11M,-4.40%
"Apr 19, 2020",0.0355,0.0365,0.0367,0.0351,349.28M,-2.79%
"Apr 18, 2020",0.0365,0.0343,0.037,0.0343,312.67M,6.40%
"Apr 17, 2020",0.0343,0.0345,0.0349,0.0341,256.35M,-0.35%
"Apr 16, 2020",0.0345,0.0319,0.035,0.0309,506.50M,8.15%
"Apr 15, 2020",0.0319,0.0331,0.0337,0.0318,228.57M,-3.78%
"Apr 14, 2020",0.0331,0.0331,0.0337,0.0327,245.24M,0.00%
"Apr 13, 2020",0.0331,0.0335,0.0335,0.0319,372.89M,-1.03%
"Apr 12, 2020",0.0335,0.0335,0.0349,0.0329,270.20M,0.00%
"Apr 11, 2020",0.0334,0.0332,0.0341,0.0327,310.11M,0.71%
"Apr 10, 2020",0.0332,0.0361,0.0362,0.0322,491.59M,-7.95%
"Apr 09, 2020",0.0361,0.0364,0.0366,0.0353,306.33M,-0.92%
"Apr 08, 2020",0.0364,0.0353,0.0368,0.0353,436.34M,3.30%
"Apr 07, 2020",0.0353,0.036,0.0369,0.0346,603.01M,-2.05%
"Apr 06, 2020",0.036,0.0319,0.036,0.0319,557.45M,12.87%
"Apr 05, 2020",0.0319,0.0325,0.0325,0.0316,209.56M,-1.77%
"Apr 04, 2020",0.0325,0.0323,0.0326,0.0318,320.80M,0.60%
"Apr 03, 2020",0.0323,0.0319,0.0327,0.0316,371.03M,1.16%
"Apr 02, 2020",0.0319,0.0309,0.0335,0.0308,534.58M,3.13%
"Apr 01, 2020",0.0309,0.0305,0.0309,0.0294,409.24M,1.57%
"Mar 31, 2020",0.0305,0.0297,0.0306,0.0295,307.35M,2.67%
"Mar 30, 2020",0.0297,0.0281,0.0303,0.028,397.03M,5.69%
"Mar 29, 2020",0.0281,0.0297,0.03,0.0281,357.14M,-5.66%
"Mar 28, 2020",0.0297,0.0288,0.03,0.0278,511.50M,3.24%
"Mar 27, 2020",0.0288,0.0308,0.0314,0.0285,465.02M,-6.58%
"Mar 26, 2020",0.0308,0.0295,0.0309,0.0292,394.15M,4.71%
"Mar 25, 2020",0.0295,0.0302,0.0304,0.0288,450.64M,-2.56%
"Mar 24, 2020",0.0302,0.0293,0.0304,0.0288,495.08M,3.34%
"Mar 23, 2020",0.0293,0.027,0.0298,0.0266,606.34M,8.18%
"Mar 22, 2020",0.027,0.0294,0.0304,0.0269,571.39M,-8.17%
"Mar 21, 2020",0.0294,0.0295,0.0306,0.028,651.88M,0.00%
"Mar 20, 2020",0.0295,0.0303,0.0338,0.0268,1.13B,-2.74%
"Mar 19, 2020",0.0303,0.0261,0.0319,0.0258,852.99M,16.22%
"Mar 18, 2020",0.0261,0.0258,0.0265,0.0244,531.44M,0.99%
"Mar 17, 2020",0.0258,0.0242,0.0265,0.0239,686.53M,6.67%
"Mar 16, 2020",0.0242,0.027,0.027,0.0217,1.16B,-10.25%
"Mar 15, 2020",0.027,0.0258,0.0289,0.0255,620.44M,4.65%
"Mar 14, 2020",0.0258,0.0284,0.0289,0.0254,707.87M,-9.24%
"Mar 13, 2020",0.0284,0.0232,0.0293,0.0178,2.57B,22.24%
"Mar 12, 2020",0.0232,0.0397,0.0398,0.0223,2.20B,-41.49%
"Mar 11, 2020",0.0397,0.0414,0.0418,0.0374,604.50M,-4.16%
"Mar 10, 2020",0.0414,0.0416,0.043,0.0404,599.10M,-0.33%
"Mar 09, 2020",0.0416,0.0428,0.0439,0.039,723.82M,-2.91%
"Mar 08, 2020",0.0428,0.0488,0.0488,0.0424,522.11M,-12.25%
"Mar 07, 2020",0.0488,0.0517,0.0518,0.0482,271.38M,-5.73%
"Mar 06, 2020",0.0517,0.0509,0.0517,0.05,293.27M,1.59%
"Mar 05, 2020",0.0509,0.049,0.0523,0.049,417.30M,3.91%
"Mar 04, 2020",0.049,0.0487,0.0503,0.048,390.64M,0.74%
"Mar 03, 2020",0.0487,0.0492,0.0494,0.0475,357.54M,-1.08%
"Mar 02, 2020",0.0492,0.0457,0.0498,0.0455,394.76M,7.63%
"Mar 01, 2020",0.0457,0.0471,0.0483,0.0451,423.08M,-3.02%
"Feb 29, 2020",0.0471,0.0489,0.0499,0.0471,373.80M,-3.64%
"Feb 28, 2020",0.0489,0.0498,0.0513,0.0466,559.79M,-1.80%
"Feb 27, 2020",0.0498,0.0492,0.0521,0.0463,659.39M,1.30%
"Feb 26, 2020",0.0492,0.0561,0.0566,0.0467,974.72M,-12.48%
"Feb 25, 2020",0.0562,0.059,0.0591,0.0561,425.45M,-4.87%
"Feb 24, 2020",0.059,0.0616,0.0618,0.0574,448.74M,-4.17%
"Feb 23, 2020",0.0616,0.0582,0.062,0.0581,362.45M,5.86%
"Feb 22, 2020",0.0582,0.0586,0.0591,0.057,282.13M,-0.61%
"Feb 21, 2020",0.0586,0.0582,0.06,0.0575,409.79M,0.66%
"Feb 20, 2020",0.0582,0.0574,0.0589,0.0553,598.58M,1.32%
"Feb 19, 2020",0.0574,0.0627,0.063,0.0569,555.03M,-8.46%
"Feb 18, 2020",0.0627,0.0602,0.0637,0.0578,720.24M,4.28%
"Feb 17, 2020",0.0602,0.0619,0.0626,0.0558,814.81M,-2.76%
"Feb 16, 2020",0.0619,0.0643,0.0671,0.0569,840.38M,-3.72%
"Feb 15, 2020",0.0643,0.0707,0.0713,0.0625,723.11M,-9.18%
"Feb 14, 2020",0.0707,0.0687,0.0712,0.0672,639.24M,2.97%
"Feb 13, 2020",0.0687,0.0682,0.0722,0.0656,967.17M,0.72%
"Feb 12, 2020",0.0682,0.0634,0.0703,0.0634,790.92M,7.61%
"Feb 11, 2020",0.0634,0.0603,0.0635,0.0589,447.70M,5.16%
"Feb 10, 2020",0.0603,0.0619,0.0621,0.0584,493.35M,-2.57%
"Feb 09, 2020",0.0619,0.06,0.0624,0.06,430.07M,3.03%
"Feb 08, 2020",0.06,0.0599,0.0613,0.0571,462.30M,0.28%
"Feb 07, 2020",0.0599,0.0601,0.0627,0.0595,544.76M,-0.34%
"Feb 06, 2020",0.0601,0.0593,0.0608,0.0581,647.46M,1.30%
"Feb 05, 2020",0.0593,0.056,0.0601,0.0556,610.71M,5.98%
"Feb 04, 2020",0.056,0.057,0.0578,0.056,533.30M,-1.84%
"Feb 03, 2020",0.057,0.0557,0.0578,0.0553,576.94M,2.28%
"Feb 02, 2020",0.0557,0.0561,0.0586,0.055,930.72M,-0.57%
"Feb 01, 2020",0.0561,0.0539,0.0572,0.0532,541.11M,4.11%
"Jan 31, 2020",0.0539,0.0561,0.0567,0.0522,836.73M,-4.10%
"Jan 30, 2020",0.0562,0.0534,0.0572,0.0523,854.49M,5.21%
"Jan 29, 2020",0.0534,0.0529,0.0576,0.0526,1.12B,0.74%
"Jan 28, 2020",0.053,0.0479,0.0546,0.0475,1.32B,10.69%
"Jan 27, 2020",0.0479,0.0447,0.049,0.0441,545.47M,7.18%
"Jan 26, 2020",0.0447,0.0431,0.0447,0.0429,292.98M,3.52%
"Jan 25, 2020",0.0431,0.045,0.0452,0.0429,260.97M,-4.03%
"Jan 24, 2020",0.045,0.0432,0.0453,0.0414,412.83M,4.06%
"Jan 23, 2020",0.0432,0.0457,0.0459,0.0421,379.51M,-5.58%
"Jan 22, 2020",0.0457,0.0461,0.0465,0.0453,328.19M,-0.67%
"Jan 21, 2020",0.0461,0.0438,0.0468,0.0435,512.34M,5.09%
"Jan 20, 2020",0.0438,0.042,0.0443,0.042,355.52M,4.35%
"Jan 19, 2020",0.042,0.0449,0.046,0.0413,492.60M,-6.44%
"Jan 18, 2020",0.0449,0.045,0.0458,0.0432,514.30M,-0.18%
"Jan 17, 2020",0.045,0.0416,0.0459,0.0412,661.37M,8.02%
"Jan 16, 2020",0.0416,0.0428,0.0433,0.0402,429.25M,-2.64%
"Jan 15, 2020",0.0428,0.0417,0.0432,0.0401,771.22M,2.60%
"Jan 14, 2020",0.0417,0.0368,0.0427,0.0368,889.67M,13.15%
"Jan 13, 2020",0.0368,0.0379,0.0379,0.0367,177.96M,-2.71%
"Jan 12, 2020",0.0379,0.0367,0.0379,0.0366,209.27M,3.08%
"Jan 11, 2020",0.0367,0.0369,0.0378,0.0365,255.79M,-0.52%
"Jan 10, 2020",0.0369,0.0362,0.0371,0.0347,341.99M,2.12%
"Jan 09, 2020",0.0362,0.0363,0.0363,0.0355,285.35M,-0.44%
"Jan 08, 2020",0.0363,0.037,0.0387,0.0358,563.23M,-1.96%
"Jan 07, 2020",0.037,0.0373,0.038,0.0364,544.89M,-0.73%
"Jan 06, 2020",0.0373,0.0346,0.0373,0.0344,343.25M,7.79%
"Jan 05, 2020",0.0346,0.0344,0.0353,0.0342,216.71M,0.73%
"Jan 04, 2020",0.0344,0.0341,0.0345,0.0337,358.20M,0.79%
"Jan 03, 2020",0.0341,0.0327,0.0344,0.0324,341.59M,4.32%
"Jan 02, 2020",0.0327,0.0335,0.0335,0.0323,216.63M,-2.33%
"Jan 01, 2020",0.0335,0.0328,0.0338,0.0327,250.86M,1.94%
"Dec 31, 2019",0.0328,0.0334,0.0338,0.0328,283.85M,-1.75%
"Dec 30, 2019",0.0334,0.0341,0.0344,0.0331,226.84M,-2.13%
"Dec 29, 2019",0.0341,0.0337,0.0346,0.0333,262.25M,1.41%
"Dec 28, 2019",0.0337,0.0329,0.0342,0.0328,258.97M,2.33%
"Dec 27, 2019",0.0329,0.0342,0.0344,0.0316,510.62M,-3.68%
"Dec 26, 2019",0.0342,0.0334,0.0349,0.0333,328.87M,2.32%
"Dec 25, 2019",0.0334,0.0339,0.034,0.0329,229.21M,-1.48%
"Dec 24, 2019",0.0339,0.0331,0.0345,0.0328,341.10M,2.28%
"Dec 23, 2019",0.0331,0.0344,0.0345,0.0329,396.35M,-3.66%
"Dec 22, 2019",0.0344,0.033,0.0345,0.033,218.15M,4.04%
"Dec 21, 2019",0.033,0.0339,0.0339,0.0328,169.62M,-2.44%
"Dec 20, 2019",0.0339,0.033,0.0339,0.0326,257.04M,2.57%
"Dec 19, 2019",0.033,0.0343,0.0347,0.0329,400.61M,-3.83%
"Dec 18, 2019",0.0343,0.0317,0.0346,0.0304,549.02M,8.48%
"Dec 17, 2019",0.0317,0.0341,0.0341,0.0312,500.28M,-7.19%
"Dec 16, 2019",0.0341,0.0365,0.0365,0.0333,312.31M,-6.51%
"Dec 15, 2019",0.0365,0.0362,0.0366,0.0358,188.09M,0.66%
"Dec 14, 2019",0.0362,0.0372,0.0373,0.0358,312.63M,-2.54%
"Dec 13, 2019",0.0372,0.0365,0.0374,0.0364,287.93M,1.82%
"Dec 12, 2019",0.0365,0.0366,0.0369,0.036,402.50M,-0.29%
"Dec 11, 2019",0.0366,0.0363,0.0371,0.0361,566.25M,0.79%
"Dec 10, 2019",0.0363,0.0372,0.0374,0.0361,290.58M,-2.37%
"Dec 09, 2019",0.0372,0.0387,0.0388,0.037,255.14M,-3.91%
"Dec 08, 2019",0.0387,0.0384,0.0389,0.038,166.10M,0.77%
"Dec 07, 2019",0.0384,0.0383,0.0391,0.038,212.59M,0.49%
"Dec 06, 2019",0.0383,0.0376,0.0383,0.0372,212.55M,1.79%
"Dec 05, 2019",0.0376,0.0371,0.0381,0.0368,268.21M,1.33%
"Dec 04, 2019",0.0371,0.0377,0.0386,0.0362,390.48M,-1.72%
"Dec 03, 2019",0.0377,0.038,0.0387,0.0374,230.95M,-0.61%
"Dec 02, 2019",0.038,0.0395,0.0396,0.0374,287.19M,-3.98%
"Dec 01, 2019",0.0395,0.0404,0.0404,0.0382,363.35M,-2.01%
"Nov 30, 2019",0.0404,0.0413,0.0421,0.0398,411.33M,-2.22%
"Nov 29, 2019",0.0413,0.039,0.042,0.039,619.74M,5.70%
"Nov 28, 2019",0.039,0.039,0.0398,0.0383,342.32M,0.00%
"Nov 27, 2019",0.039,0.0367,0.0398,0.0352,435.82M,6.40%
"Nov 26, 2019",0.0367,0.0359,0.0371,0.0354,353.85M,2.15%
"Nov 25, 2019",0.0359,0.035,0.0373,0.033,643.27M,2.54%
"Nov 24, 2019",0.035,0.0379,0.0386,0.0349,451.52M,-7.61%
"Nov 23, 2019",0.0379,0.037,0.0383,0.0365,344.92M,2.40%
"Nov 22, 2019",0.037,0.0384,0.0386,0.0342,646.32M,-3.55%
"Nov 21, 2019",0.0384,0.0409,0.0411,0.0373,353.35M,-6.15%
"Nov 20, 2019",0.0409,0.0422,0.0423,0.0403,361.21M,-3.02%
"Nov 19, 2019",0.0422,0.0432,0.0434,0.0411,447.03M,-2.35%
"Nov 18, 2019",0.0432,0.045,0.0461,0.0429,544.27M,-4.08%
"Nov 17, 2019",0.045,0.0439,0.0458,0.0431,324.44M,2.56%
"Nov 16, 2019",0.0439,0.0439,0.0445,0.0432,300.38M,0.00%
"Nov 15, 2019",0.0439,0.0428,0.0444,0.0418,346.75M,2.61%
"Nov 14, 2019",0.0428,0.0433,0.0434,0.042,199.31M,-1.13%
"Nov 13, 2019",0.0433,0.0437,0.0439,0.0431,164.09M,-0.93%
"Nov 12, 2019",0.0437,0.0432,0.0445,0.043,302.44M,1.18%
"Nov 11, 2019",0.0432,0.0438,0.044,0.0423,206.41M,-1.47%
"Nov 10, 2019",0.0438,0.0424,0.0441,0.0423,251.38M,3.35%
"Nov 09, 2019",0.0424,0.0422,0.0428,0.042,134.43M,0.58%
"Nov 08, 2019",0.0422,0.0434,0.0438,0.0412,291.88M,-2.87%
"Nov 07, 2019",0.0434,0.0448,0.0449,0.0425,295.29M,-3.07%
"Nov 06, 2019",0.0448,0.0441,0.046,0.0436,322.19M,1.48%
"Nov 05, 2019",0.0441,0.0432,0.0448,0.043,384.40M,2.26%
"Nov 04, 2019",0.0432,0.0417,0.0433,0.0414,274.97M,3.50%
"Nov 03, 2019",0.0417,0.0424,0.0425,0.0413,182.08M,-1.59%
"Nov 02, 2019",0.0424,0.0421,0.0425,0.0417,257.23M,0.61%
"Nov 01, 2019",0.0421,0.0413,0.0426,0.0409,342.69M,2.13%
"Oct 31, 2019",0.0412,0.0417,0.0422,0.0401,455.57M,-1.12%
"Oct 30, 2019",0.0417,0.0434,0.0444,0.0411,505.89M,-3.86%
"Oct 29, 2019",0.0434,0.0422,0.0439,0.0421,521.44M,2.83%
"Oct 28, 2019",0.0422,0.0422,0.0448,0.0419,642.42M,0.00%
"Oct 27, 2019",0.0422,0.0405,0.0433,0.0395,883.66M,4.20%
"Oct 26, 2019",0.0405,0.0412,0.0431,0.0394,893.91M,-1.66%
"Oct 25, 2019",0.0412,0.0373,0.0419,0.0372,536.17M,10.35%
"Oct 24, 2019",0.0373,0.0363,0.0379,0.0359,260.37M,2.73%
"Oct 23, 2019",0.0363,0.0386,0.0388,0.0354,316.69M,-5.89%
"Oct 22, 2019",0.0386,0.0391,0.04,0.0386,222.17M,-1.36%
"Oct 21, 2019",0.0391,0.0395,0.0395,0.0385,194.05M,-0.95%
"Oct 20, 2019",0.0395,0.039,0.0395,0.0382,179.56M,1.30%
"Oct 19, 2019",0.039,0.0379,0.0395,0.0376,236.65M,2.78%
"Oct 18, 2019",0.0379,0.0393,0.0395,0.0374,222.44M,-3.59%
"Oct 17, 2019",0.0393,0.0384,0.0394,0.0378,198.74M,2.43%
"Oct 16, 2019",0.0384,0.0396,0.0398,0.0376,246.41M,-2.99%
"Oct 15, 2019",0.0396,0.0417,0.0419,0.0391,261.20M,-4.96%
"Oct 14, 2019",0.0417,0.0412,0.042,0.0408,240.19M,1.01%
"Oct 13, 2019",0.0412,0.0404,0.0416,0.0403,192.66M,2.07%
"Oct 12, 2019",0.0404,0.0401,0.0409,0.04,190.00M,0.80%
"Oct 11, 2019",0.0401,0.0416,0.0422,0.04,348.12M,-3.63%
"Oct 10, 2019",0.0416,0.0424,0.0425,0.0406,310.91M,-1.87%
"Oct 09, 2019",0.0424,0.0412,0.0434,0.0408,401.89M,2.83%
"Oct 08, 2019",0.0412,0.0414,0.0421,0.0403,375.15M,-0.40%
"Oct 07, 2019",0.0414,0.0389,0.0418,0.0382,492.98M,6.53%
"Oct 06, 2019",0.0389,0.0397,0.04,0.0381,247.92M,-2.00%
"Oct 05, 2019",0.0397,0.0393,0.0397,0.0386,246.76M,0.86%
"Oct 04, 2019",0.0393,0.0382,0.0402,0.0375,317.59M,3.04%
"Oct 03, 2019",0.0382,0.0392,0.0396,0.0375,273.51M,-2.72%
"Oct 02, 2019",0.0392,0.0382,0.0394,0.0377,221.97M,2.50%
"Oct 01, 2019",0.0383,0.0389,0.0399,0.0381,282.95M,-1.54%
"Sep 30, 2019",0.0389,0.0372,0.0393,0.036,394.71M,4.38%
"Sep 29, 2019",0.0372,0.0386,0.0387,0.0361,313.46M,-3.63%
"Sep 28, 2019",0.0386,0.0391,0.0395,0.038,326.49M,-1.23%
"Sep 27, 2019",0.0391,0.0382,0.0397,0.037,589.12M,2.52%
"Sep 26, 2019",0.0382,0.0391,0.0401,0.035,899.92M,-2.50%
"Sep 25, 2019",0.0391,0.0372,0.0402,0.0359,1.02B,5.10%
"Sep 24, 2019",0.0372,0.0462,0.0465,0.0349,1.04B,-19.49%
"Sep 23, 2019",0.0462,0.0489,0.0494,0.046,504.21M,-5.41%
"Sep 22, 2019",0.0489,0.0518,0.0518,0.0477,584.70M,-5.60%
"Sep 21, 2019",0.0518,0.0524,0.0533,0.0512,387.24M,-1.23%
"Sep 20, 2019",0.0524,0.0523,0.0525,0.0503,497.15M,0.21%
"Sep 19, 2019",0.0523,0.0531,0.0545,0.0495,801.63M,-1.45%
"Sep 18, 2019",0.0531,0.0489,0.0555,0.0489,847.50M,8.63%
"Sep 17, 2019",0.0489,0.047,0.0507,0.0469,505.25M,3.91%
"Sep 16, 2019",0.047,0.0466,0.0475,0.0457,249.11M,0.82%
"Sep 15, 2019",0.0466,0.0464,0.047,0.0461,212.27M,0.50%
"Sep 14, 2019",0.0464,0.0457,0.0471,0.0448,297.11M,1.62%
"Sep 13, 2019",0.0457,0.0454,0.0458,0.0449,181.24M,0.65%
"Sep 12, 2019",0.0454,0.0449,0.0462,0.0443,219.10M,1.10%
"Sep 11, 2019",0.0449,0.0465,0.0469,0.0444,295.49M,-3.43%
"Sep 10, 2019",0.0465,0.0468,0.0481,0.0457,274.02M,-0.72%
"Sep 09, 2019",0.0468,0.0465,0.0472,0.0453,335.45M,0.65%
"Sep 08, 2019",0.0465,0.046,0.0475,0.046,268.55M,1.18%
"Sep 07, 2019",0.046,0.0442,0.0465,0.0437,215.41M,3.93%
"Sep 06, 2019",0.0442,0.0444,0.0446,0.0436,270.76M,-0.43%
"Sep 05, 2019",0.0444,0.0454,0.0454,0.0438,273.32M,-2.06%
"Sep 04, 2019",0.0454,0.0466,0.0467,0.045,257.33M,-2.77%
"Sep 03, 2019",0.0467,0.0453,0.0474,0.0446,339.73M,2.95%
"Sep 02, 2019",0.0453,0.0444,0.0462,0.0433,286.87M,2.18%
"Sep 01, 2019",0.0444,0.0448,0.0452,0.0436,183.40M,-0.94%
"Aug 31, 2019",0.0448,0.0448,0.0454,0.0438,368.90M,0.00%
"Aug 30, 2019",0.0447,0.0445,0.0458,0.0441,514.26M,0.50%
"Aug 29, 2019",0.0445,0.0459,0.0459,0.0433,424.73M,-3.00%
"Aug 28, 2019",0.0459,0.0499,0.0503,0.0453,566.68M,-7.95%
"Aug 27, 2019",0.0499,0.0496,0.0499,0.0482,247.97M,0.44%
"Aug 26, 2019",0.0496,0.0495,0.0508,0.0488,964.57M,0.28%
"Aug 25, 2019",0.0495,0.0501,0.0526,0.0485,1.18B,-1.18%
"Aug 24, 2019",0.0501,0.0497,0.0514,0.0481,996.81M,0.87%
"Aug 23, 2019",0.0497,0.0493,0.0502,0.0489,332.55M,0.74%
"Aug 22, 2019",0.0493,0.0473,0.0511,0.0468,338.80M,4.20%
"Aug 21, 2019",0.0473,0.0492,0.0492,0.0461,251.86M,-3.78%
"Aug 20, 2019",0.0492,0.05,0.0503,0.0486,246.95M,-1.71%
"Aug 19, 2019",0.05,0.0506,0.0507,0.0495,173.20M,-1.13%
"Aug 18, 2019",0.0506,0.0474,0.0512,0.047,298.10M,6.85%
"Aug 17, 2019",0.0474,0.0467,0.048,0.0464,302.08M,1.43%
"Aug 16, 2019",0.0467,0.0473,0.0474,0.0446,371.15M,-1.36%
"Aug 15, 2019",0.0473,0.0472,0.0482,0.0456,305.40M,0.38%
"Aug 14, 2019",0.0472,0.0526,0.0537,0.0467,423.01M,-10.41%
"Aug 13, 2019",0.0526,0.053,0.0532,0.05,324.83M,-0.76%
"Aug 12, 2019",0.053,0.055,0.055,0.0526,237.93M,-3.50%
"Aug 11, 2019",0.055,0.052,0.0559,0.0518,397.38M,5.74%
"Aug 10, 2019",0.052,0.0477,0.0534,0.0477,417.61M,8.96%
"Aug 09, 2019",0.0477,0.0522,0.0523,0.0474,314.93M,-8.53%
"Aug 08, 2019",0.0522,0.0519,0.0532,0.0505,342.96M,0.43%
"Aug 07, 2019",0.0519,0.0535,0.0543,0.0514,289.10M,-3.00%
"Aug 06, 2019",0.0535,0.0565,0.0566,0.0531,288.72M,-5.19%
"Aug 05, 2019",0.0565,0.0561,0.0581,0.0561,311.20M,0.64%
"Aug 04, 2019",0.0561,0.0577,0.0583,0.056,245.65M,-2.81%
"Aug 03, 2019",0.0577,0.0574,0.0582,0.0569,208.11M,0.62%
"Aug 02, 2019",0.0574,0.0586,0.0588,0.0562,312.43M,-2.14%
"Aug 01, 2019",0.0586,0.06,0.0602,0.0579,266.54M,-2.35%
"Jul 31, 2019",0.06,0.0598,0.061,0.0592,313.61M,0.39%
"Jul 30, 2019",0.0598,0.0604,0.0614,0.0588,238.45M,-1.02%
"Jul 29, 2019",0.0604,0.0593,0.0624,0.0582,273.84M,1.84%
"Jul 28, 2019",0.0593,0.0599,0.0601,0.0569,210.54M,-0.93%
"Jul 27, 2019",0.0599,0.0626,0.0635,0.0572,362.40M,-4.33%
"Jul 26, 2019",0.0626,0.0585,0.0627,0.0569,332.08M,7.04%
"Jul 25, 2019",0.0585,0.0588,0.0605,0.0581,285.81M,-0.56%
"Jul 24, 2019",0.0588,0.0557,0.059,0.054,439.73M,5.53%
"Jul 23, 2019",0.0557,0.0595,0.0595,0.0553,478.50M,-6.34%
"Jul 22, 2019",0.0595,0.0611,0.062,0.0582,336.81M,-2.61%
"Jul 21, 2019",0.0611,0.0626,0.064,0.0594,352.39M,-2.43%
"Jul 20, 2019",0.0626,0.0596,0.065,0.0593,449.80M,5.13%
"Jul 19, 2019",0.0596,0.0584,0.0606,0.056,442.66M,1.97%
"Jul 18, 2019",0.0584,0.0551,0.0595,0.0532,618.01M,6.12%
"Jul 17, 2019",0.0551,0.0518,0.0577,0.05,793.27M,6.27%
"Jul 16, 2019",0.0518,0.059,0.0607,0.0502,988.67M,-12.21%
"Jul 15, 2019",0.059,0.0591,0.0601,0.0546,1.07B,-0.20%
"Jul 14, 2019",0.0591,0.0668,0.0671,0.0589,938.82M,-11.44%
"Jul 13, 2019",0.0668,0.0694,0.0708,0.0645,889.44M,-3.75%
"Jul 12, 2019",0.0694,0.0652,0.0705,0.0634,996.39M,6.43%
"Jul 11, 2019",0.0652,0.0718,0.0718,0.0625,1.07B,-9.20%
"Jul 10, 2019",0.0718,0.0779,0.0783,0.0692,851.52M,-7.82%
"Jul 09, 2019",0.0779,0.0802,0.0806,0.0771,869.97M,-2.85%
"Jul 08, 2019",0.0802,0.0797,0.0818,0.0788,808.96M,0.57%
"Jul 07, 2019",0.0797,0.0775,0.0799,0.0768,820.20M,2.88%
"Jul 06, 2019",0.0775,0.0764,0.0805,0.0763,967.94M,1.44%
"Jul 05, 2019",0.0764,0.0775,0.0781,0.0758,843.19M,-1.44%
"Jul 04, 2019",0.0775,0.0824,0.0824,0.0772,989.09M,-5.95%
"Jul 03, 2019",0.0824,0.0805,0.0831,0.0792,1.05B,2.32%
"Jul 02, 2019",0.0805,0.0836,0.0842,0.0768,1.24B,-3.67%
"Jul 01, 2019",0.0836,0.0822,0.086,0.0803,144.03M,1.89%
"Jun 30, 2019",0.082,0.09,0.0907,0.082,173.50M,-8.82%
"Jun 29, 2019",0.09,0.0887,0.0909,0.0845,157.92M,1.41%
"Jun 28, 2019",0.0887,0.0863,0.0888,0.0851,207.64M,2.77%
"Jun 27, 2019",0.0863,0.098,0.0992,0.084,356.10M,-11.93%
"Jun 26, 2019",0.098,0.0965,0.1067,0.096,529.26M,1.77%
"Jun 25, 2019",0.0963,0.0978,0.0983,0.0937,153.95M,-1.52%
"Jun 24, 2019",0.0978,0.097,0.0994,0.0942,205.69M,0.86%
"Jun 23, 2019",0.097,0.0947,0.1033,0.0945,421.15M,2.39%
"Jun 22, 2019",0.0947,0.0891,0.0974,0.0882,340.96M,6.32%
"Jun 21, 2019",0.0891,0.0873,0.0908,0.0873,156.78M,2.02%
"Jun 20, 2019",0.0873,0.0896,0.09,0.0852,134.38M,-2.53%
"Jun 19, 2019",0.0896,0.0891,0.0916,0.0885,66.91M,0.61%
"Jun 18, 2019",0.0891,0.0932,0.0935,0.0882,112.51M,-4.47%
"Jun 17, 2019",0.0932,0.0919,0.0936,0.0911,101.98M,1.46%
"Jun 16, 2019",0.0919,0.0913,0.094,0.09,188.79M,0.68%
"Jun 15, 2019",0.0913,0.0901,0.0925,0.0897,124.10M,1.29%
"Jun 14, 2019",0.0901,0.0895,0.0909,0.0856,203.24M,0.61%
"Jun 13, 2019",0.0895,0.0961,0.0965,0.0883,255.75M,-6.78%
"Jun 12, 2019",0.0961,0.0874,0.0962,0.0859,337.76M,9.90%
"Jun 11, 2019",0.0874,0.0851,0.0891,0.0818,181.53M,2.74%
"Jun 10, 2019",0.0851,0.079,0.0851,0.0778,124.44M,7.75%
"Jun 09, 2019",0.079,0.0836,0.0838,0.0771,96.68M,-5.52%
"Jun 08, 2019",0.0836,0.085,0.0861,0.0815,68.15M,-1.72%
"Jun 07, 2019",0.085,0.083,0.087,0.082,118.17M,2.41%
"Jun 06, 2019",0.083,0.0825,0.0838,0.078,145.77M,0.60%
"Jun 05, 2019",0.0825,0.0826,0.0843,0.0797,119.11M,-0.08%
"Jun 04, 2019",0.0826,0.0875,0.0882,0.0795,299.38M,-5.63%
"Jun 03, 2019",0.0875,0.0963,0.0981,0.0871,343.22M,-9.10%
"Jun 02, 2019",0.0963,0.0905,0.0974,0.0903,316.40M,6.45%
"Jun 01, 2019",0.0905,0.0891,0.0927,0.0855,174.91M,1.52%
"May 31, 2019",0.0891,0.0839,0.0897,0.0814,178.43M,6.21%
"May 30, 2019",0.0839,0.0909,0.0967,0.0805,374.94M,-7.66%
"May 29, 2019",0.0909,0.0928,0.0936,0.0856,191.70M,-2.15%
"May 28, 2019",0.0928,0.0904,0.0934,0.0871,208.91M,2.71%
"May 27, 2019",0.0904,0.0853,0.0933,0.0845,246.56M,5.97%
"May 26, 2019",0.0853,0.0801,0.0867,0.0782,140.38M,6.47%
"May 25, 2019",0.0801,0.0807,0.0822,0.0792,92.29M,-0.68%
"May 24, 2019",0.0807,0.0804,0.083,0.078,148.20M,0.40%
"May 23, 2019",0.0804,0.0775,0.0804,0.0739,163.71M,3.72%
"May 22, 2019",0.0775,0.0839,0.0853,0.0771,151.45M,-7.72%
"May 21, 2019",0.0839,0.0845,0.086,0.082,141.37M,-0.58%
"May 20, 2019",0.0844,0.0862,0.0867,0.0792,239.52M,-2.08%
"May 19, 2019",0.0862,0.0788,0.0878,0.0784,270.20M,9.40%
"May 18, 2019",0.0788,0.0828,0.0849,0.0785,174.82M,-5.42%
"May 17, 2019",0.0833,0.088,0.0904,0.0758,397.02M,-5.19%
"May 16, 2019",0.0879,0.0939,0.1006,0.0836,509.93M,-6.38%
"May 15, 2019",0.0939,0.0845,0.0952,0.0834,279.69M,11.09%
"May 14, 2019",0.0845,0.0726,0.0845,0.0724,396.80M,16.34%
"May 13, 2019",0.0726,0.0702,0.0763,0.0696,243.18M,3.45%
"May 12, 2019",0.0702,0.0741,0.077,0.0679,321.47M,-6.01%
"May 11, 2019",0.0747,0.0632,0.0785,0.063,386.88M,18.30%
"May 10, 2019",0.0632,0.0617,0.065,0.0592,178.67M,2.44%
"May 09, 2019",0.0617,0.0647,0.0652,0.0604,105.98M,-4.66%
"May 08, 2019",0.0647,0.0642,0.0654,0.062,75.60M,0.78%
"May 07, 2019",0.0642,0.0669,0.0688,0.064,101.23M,-4.13%
"May 06, 2019",0.0669,0.066,0.0688,0.0635,109.16M,1.36%
"May 05, 2019",0.066,0.0669,0.0681,0.0658,59.76M,-1.34%
"May 04, 2019",0.0669,0.0699,0.0722,0.0657,133.78M,-4.31%
"May 03, 2019",0.0699,0.0686,0.0717,0.0677,168.78M,2.03%
"May 02, 2019",0.0686,0.0689,0.0697,0.068,61.96M,-0.48%
"May 01, 2019",0.0689,0.0701,0.0705,0.0673,74.73M,-1.69%
"Apr 30, 2019",0.0701,0.0648,0.0702,0.0647,85.44M,8.10%
"Apr 29, 2019",0.0648,0.0688,0.0692,0.0642,101.06M,-5.83%
"Apr 28, 2019",0.0688,0.0705,0.0712,0.068,60.58M,-2.38%
"Apr 27, 2019",0.0705,0.0698,0.0723,0.0688,82.06M,0.97%
"Apr 26, 2019",0.0698,0.0696,0.0723,0.0671,179.14M,0.34%
"Apr 25, 2019",0.0696,0.0722,0.0756,0.0682,212.39M,-3.53%
"Apr 24, 2019",0.0722,0.0735,0.0752,0.0678,242.99M,-1.82%
"Apr 23, 2019",0.0735,0.0778,0.0797,0.0734,231.44M,-5.59%
"Apr 22, 2019",0.0778,0.0733,0.0788,0.0714,196.25M,6.23%
"Apr 21, 2019",0.0733,0.0759,0.0774,0.0708,193.34M,-3.50%
"Apr 20, 2019",0.0759,0.0789,0.079,0.0747,147.25M,-3.74%
"Apr 19, 2019",0.0789,0.0813,0.0813,0.0777,171.05M,-2.90%
"Apr 18, 2019",0.0813,0.0824,0.0834,0.0808,116.62M,-1.44%
"Apr 17, 2019",0.0824,0.0828,0.0839,0.0812,87.66M,-0.38%
"Apr 16, 2019",0.0828,0.0815,0.083,0.0797,87.79M,1.51%
"Apr 15, 2019",0.0815,0.0842,0.0853,0.0804,114.28M,-3.12%
"Apr 14, 2019",0.0842,0.0829,0.0848,0.0806,113.36M,1.57%
"Apr 13, 2019",0.0829,0.0825,0.0847,0.082,94.51M,0.43%
"Apr 12, 2019",0.0825,0.0828,0.0847,0.0791,188.02M,-0.37%
"Apr 11, 2019",0.0828,0.0894,0.0902,0.0761,349.02M,-7.36%
"Apr 10, 2019",0.0894,0.0829,0.0915,0.0827,245.26M,7.81%
"Apr 09, 2019",0.0829,0.0861,0.0861,0.0801,236.85M,-3.70%
"Apr 08, 2019",0.0861,0.0898,0.0915,0.0817,292.70M,-4.27%
"Apr 07, 2019",0.0899,0.0899,0.091,0.088,160.86M,0.06%
"Apr 06, 2019",0.0899,0.0904,0.0936,0.0873,193.76M,-0.60%
"Apr 05, 2019",0.0904,0.0871,0.092,0.0869,240.69M,3.82%
"Apr 04, 2019",0.0871,0.0905,0.0939,0.0825,524.45M,-3.81%
"Apr 03, 2019",0.0905,0.0855,0.0997,0.0833,810.57M,5.91%
"Apr 02, 2019",0.0855,0.0721,0.0855,0.0706,508.22M,18.50%
"Apr 01, 2019",0.0721,0.0699,0.0726,0.069,166.18M,3.12%
"Mar 31, 2019",0.07,0.0721,0.0725,0.0696,126.82M,-2.91%
"Mar 30, 2019",0.0721,0.0713,0.0729,0.0686,232.84M,1.04%
"Mar 29, 2019",0.0713,0.0655,0.073,0.0654,337.85M,8.86%
"Mar 28, 2019",0.0655,0.067,0.067,0.064,198.23M,-2.19%
"Mar 27, 2019",0.067,0.0617,0.0678,0.0606,385.61M,8.56%
"Mar 26, 2019",0.0617,0.0586,0.0619,0.0585,273.77M,5.27%
"Mar 25, 2019",0.0586,0.0615,0.0615,0.0569,321.20M,-4.70%
"Mar 24, 2019",0.0615,0.0635,0.0644,0.059,422.93M,-3.16%
"Mar 23, 2019",0.0635,0.0578,0.0645,0.0567,544.32M,9.86%
"Mar 22, 2019",0.0578,0.0523,0.0588,0.0519,433.11M,10.47%
"Mar 21, 2019",0.0523,0.0535,0.0546,0.0497,293.88M,-2.27%
"Mar 20, 2019",0.0535,0.052,0.0536,0.0508,192.70M,2.88%
"Mar 19, 2019",0.052,0.05,0.053,0.0492,160.85M,4.23%
"Mar 18, 2019",0.0499,0.0498,0.0509,0.0491,105.38M,0.22%
"Mar 17, 2019",0.0498,0.0512,0.0513,0.0495,120.87M,-2.69%
"Mar 16, 2019",0.0512,0.0498,0.0519,0.049,213.87M,2.81%
"Mar 15, 2019",0.0498,0.0476,0.0506,0.0476,211.75M,4.53%
"Mar 14, 2019",0.0476,0.0462,0.0481,0.0459,127.28M,3.08%
"Mar 13, 2019",0.0462,0.0472,0.0484,0.0458,130.24M,-2.08%
"Mar 12, 2019",0.0472,0.0473,0.0481,0.0457,171.51M,-0.27%
"Mar 11, 2019",0.0473,0.0456,0.0484,0.0447,244.65M,3.89%
"Mar 10, 2019",0.0456,0.0468,0.0469,0.0443,153.80M,-2.67%
"Mar 09, 2019",0.0468,0.0424,0.0471,0.0423,243.96M,10.40%
"Mar 08, 2019",0.0424,0.0427,0.0437,0.0421,114.52M,-0.81%
"Mar 07, 2019",0.0427,0.0425,0.0433,0.0421,91.66M,0.56%
"Mar 06, 2019",0.0425,0.0429,0.0432,0.0419,77.70M,-0.88%
"Mar 05, 2019",0.0429,0.0402,0.0433,0.04,124.46M,6.62%
"Mar 04, 2019",0.0402,0.0421,0.0423,0.0391,100.69M,-4.35%
"Mar 03, 2019",0.0421,0.0424,0.0427,0.0417,44.49M,-0.86%
"Mar 02, 2019",0.0424,0.043,0.0434,0.042,56.54M,-1.38%
"Mar 01, 2019",0.043,0.0429,0.0438,0.0428,52.66M,0.37%
"Feb 28, 2019",0.0429,0.0429,0.0437,0.0425,79.20M,-0.20%
"Feb 27, 2019",0.0429,0.0429,0.0434,0.0416,100.79M,0.00%
"Feb 26, 2019",0.0429,0.0435,0.0436,0.0423,104.75M,-1.43%
"Feb 25, 2019",0.0435,0.0416,0.0443,0.0416,165.47M,4.65%
"Feb 24, 2019",0.0416,0.0485,0.0504,0.0412,355.85M,-14.20%
"Feb 23, 2019",0.0485,0.0458,0.049,0.0454,179.76M,5.80%
"Feb 22, 2019",0.0458,0.045,0.046,0.0447,109.33M,1.71%
"Feb 21, 2019",0.045,0.0474,0.0481,0.0442,151.69M,-5.07%
"Feb 20, 2019",0.0474,0.0459,0.0477,0.0448,171.74M,3.31%
"Feb 19, 2019",0.0459,0.0456,0.0482,0.0455,282.98M,0.65%
"Feb 18, 2019",0.0456,0.0416,0.0467,0.0414,258.15M,9.77%
"Feb 17, 2019",0.0416,0.041,0.0422,0.0406,70.37M,1.35%
"Feb 16, 2019",0.041,0.0406,0.0414,0.0405,42.27M,1.08%
"Feb 15, 2019",0.0406,0.0404,0.0415,0.04,55.45M,0.54%
"Feb 14, 2019",0.0404,0.0411,0.0414,0.04,59.80M,-1.71%
"Feb 13, 2019",0.0411,0.0417,0.0424,0.0409,61.80M,-1.62%
"Feb 12, 2019",0.0417,0.0417,0.0421,0.0406,90.18M,0.00%
"Feb 11, 2019",0.0417,0.0429,0.043,0.0414,104.84M,-2.70%
"Feb 10, 2019",0.0429,0.0412,0.043,0.0399,124.91M,4.17%
"Feb 09, 2019",0.0412,0.0407,0.0422,0.0405,125.98M,1.14%
"Feb 08, 2019",0.0407,0.0364,0.0421,0.0362,186.44M,11.69%
"Feb 07, 2019",0.0364,0.0367,0.0373,0.0363,55.09M,-0.65%
"Feb 06, 2019",0.0367,0.038,0.0382,0.036,108.30M,-3.55%
"Feb 05, 2019",0.038,0.038,0.0386,0.0376,56.30M,0.00%
"Feb 04, 2019",0.038,0.0382,0.0388,0.0378,50.59M,-0.57%
"Feb 03, 2019",0.0382,0.0393,0.0395,0.0377,64.60M,-2.65%
"Feb 02, 2019",0.0393,0.0386,0.0394,0.038,54.37M,1.77%
"Feb 01, 2019",0.0386,0.0382,0.0391,0.037,82.55M,0.99%
"Jan 31, 2019",0.0382,0.0395,0.0403,0.0378,107.13M,-3.34%
"Jan 30, 2019",0.0395,0.0379,0.0401,0.0374,156.20M,4.10%
"Jan 29, 2019",0.038,0.0385,0.0394,0.0367,135.67M,-1.49%
"Jan 28, 2019",0.0385,0.0409,0.0412,0.0367,197.09M,-5.70%
"Jan 27, 2019",0.0409,0.0424,0.0425,0.0404,102.85M,-3.57%
"Jan 26, 2019",0.0424,0.0424,0.0433,0.0423,60.74M,0.00%
"Jan 25, 2019",0.0424,0.0428,0.043,0.0421,44.52M,-1.00%
"Jan 24, 2019",0.0428,0.0427,0.0433,0.0422,65.09M,0.40%
"Jan 23, 2019",0.0427,0.0433,0.0439,0.0421,94.26M,-1.50%
"Jan 22, 2019",0.0433,0.0425,0.044,0.0411,131.48M,1.89%
"Jan 21, 2019",0.0425,0.0428,0.0433,0.0419,92.64M,-0.77%
"Jan 20, 2019",0.0428,0.0451,0.0455,0.0414,155.39M,-5.09%
"Jan 19, 2019",0.0451,0.0437,0.0459,0.0434,113.46M,3.22%
"Jan 18, 2019",0.0437,0.0447,0.0447,0.0432,100.22M,-2.11%
"Jan 17, 2019",0.0447,0.0441,0.0457,0.0433,249.02M,1.21%
"Jan 16, 2019",0.0441,0.042,0.0446,0.0417,203.79M,4.99%
"Jan 15, 2019",0.042,0.0434,0.0438,0.041,165.76M,-3.14%
"Jan 14, 2019",0.0434,0.0394,0.0439,0.0394,205.49M,10.06%
"Jan 13, 2019",0.0394,0.0429,0.0431,0.0389,161.03M,-8.03%
"Jan 12, 2019",0.0429,0.0433,0.0438,0.0421,120.06M,-0.96%
"Jan 11, 2019",0.0433,0.0436,0.0443,0.0417,252.62M,-0.79%
"Jan 10, 2019",0.0436,0.0514,0.054,0.0414,515.47M,-15.13%
"Jan 09, 2019",0.0514,0.0478,0.0521,0.0477,288.62M,7.59%
"Jan 08, 2019",0.0478,0.0475,0.0493,0.0462,217.62M,0.53%
"Jan 07, 2019",0.0475,0.0483,0.05,0.0465,290.94M,-1.47%
"Jan 06, 2019",0.0483,0.044,0.0487,0.0438,310.30M,9.59%
"Jan 05, 2019",0.044,0.0431,0.045,0.0424,180.80M,2.20%
"Jan 04, 2019",0.0431,0.042,0.0436,0.0417,110.05M,2.58%
"Jan 03, 2019",0.042,0.0443,0.0446,0.0416,163.66M,-5.26%
"Jan 02, 2019",0.0443,0.042,0.045,0.0414,173.27M,5.62%
"Jan 01, 2019",0.042,0.0405,0.042,0.0397,117.45M,3.56%
"Dec 31, 2018",0.0405,0.0426,0.0427,0.0398,156.99M,-4.87%
"Dec 30, 2018",0.0426,0.0403,0.0431,0.0396,211.19M,5.65%
"Dec 29, 2018",0.0403,0.0411,0.0433,0.04,248.36M,-1.98%
"Dec 28, 2018",0.0411,0.0361,0.0419,0.0356,190.11M,13.96%
"Dec 27, 2018",0.0361,0.0406,0.0411,0.0355,180.34M,-11.00%
"Dec 26, 2018",0.0406,0.0411,0.0426,0.0381,205.25M,-1.20%
"Dec 25, 2018",0.0411,0.045,0.0452,0.0383,301.79M,-8.82%
"Dec 24, 2018",0.045,0.0437,0.0489,0.0437,368.39M,3.02%
"Dec 23, 2018",0.0437,0.0416,0.0444,0.0411,257.81M,5.11%
"Dec 22, 2018",0.0416,0.0403,0.0417,0.0382,229.51M,3.11%
"Dec 21, 2018",0.0403,0.0387,0.0448,0.0379,518.81M,4.13%
"Dec 20, 2018",0.0387,0.0337,0.0394,0.0333,347.70M,14.90%
"Dec 19, 2018",0.0337,0.0342,0.038,0.0337,354.59M,-1.57%
"Dec 18, 2018",0.0342,0.0324,0.0345,0.0313,242.76M,5.45%
"Dec 17, 2018",0.0325,0.029,0.0336,0.029,223.08M,12.07%
"Dec 16, 2018",0.029,0.0281,0.0298,0.0281,99.29M,3.18%
"Dec 15, 2018",0.0281,0.0283,0.0286,0.0277,70.97M,-0.82%
"Dec 14, 2018",0.0283,0.0291,0.0295,0.0277,87.51M,-2.72%
"Dec 13, 2018",0.0291,0.0303,0.0306,0.0288,102.03M,-3.90%
"Dec 12, 2018",0.0303,0.0292,0.0309,0.029,98.62M,2.75%
"Dec 11, 2018",0.0295,0.0298,0.0301,0.0286,100.95M,-0.92%
"Dec 10, 2018",0.0298,0.0311,0.0318,0.0292,131.37M,-4.40%
"Dec 09, 2018",0.0311,0.0302,0.0324,0.0297,164.89M,3.01%
"Dec 08, 2018",0.0302,0.0297,0.032,0.0283,189.03M,1.64%
"Dec 07, 2018",0.0297,0.0307,0.031,0.0272,301.98M,-3.17%
"Dec 06, 2018",0.0307,0.0343,0.0356,0.0306,229.65M,-10.45%
"Dec 05, 2018",0.0343,0.0375,0.0376,0.0342,259.54M,-8.57%
"Dec 04, 2018",0.0375,0.0385,0.0401,0.037,176.99M,-2.57%
"Dec 03, 2018",0.0385,0.0419,0.0421,0.0379,160.11M,-7.78%
"Dec 02, 2018",0.0417,0.0414,0.0434,0.0407,154.38M,0.91%
"Dec 01, 2018",0.0414,0.0391,0.0423,0.0381,136.82M,5.90%
"Nov 30, 2018",0.0391,0.042,0.0424,0.0377,205.09M,-6.94%
"Nov 29, 2018",0.042,0.0422,0.0448,0.0397,264.98M,-0.59%
"Nov 28, 2018",0.0422,0.0369,0.0441,0.0369,377.93M,14.35%
"Nov 27, 2018",0.0369,0.0365,0.0377,0.0342,164.60M,1.12%
"Nov 26, 2018",0.0365,0.0383,0.0402,0.0346,295.67M,-4.72%
"Nov 25, 2018",0.0383,0.039,0.0396,0.0332,298.35M,-1.76%
"Nov 24, 2018",0.039,0.044,0.0454,0.0371,194.28M,-11.33%
"Nov 23, 2018",0.044,0.044,0.0451,0.0418,156.39M,0.00%
"Nov 22, 2018",0.044,0.0484,0.0491,0.0439,112.99M,-9.01%
"Nov 21, 2018",0.0484,0.0459,0.0492,0.0435,230.26M,5.49%
"Nov 20, 2018",0.0459,0.0528,0.0533,0.0428,403.78M,-13.06%
"Nov 19, 2018",0.0528,0.0623,0.0624,0.0515,236.31M,-15.35%
"Nov 18, 2018",0.0623,0.0612,0.0635,0.0612,61.77M,1.82%
"Nov 17, 2018",0.0612,0.0615,0.0615,0.0596,59.04M,-0.37%
"Nov 16, 2018",0.0615,0.0644,0.0649,0.0603,99.79M,-4.52%
"Nov 15, 2018",0.0644,0.0665,0.0667,0.0583,216.36M,-3.14%
"Nov 14, 2018",0.0665,0.0747,0.0747,0.0626,189.26M,-11.00%
"Nov 13, 2018",0.0747,0.0769,0.0771,0.0744,52.55M,-2.92%
"Nov 12, 2018",0.0769,0.077,0.0778,0.0755,54.08M,-0.14%
"Nov 11, 2018",0.077,0.0754,0.0779,0.0746,56.63M,2.14%
"Nov 10, 2018",0.0754,0.0746,0.0764,0.0742,39.00M,1.04%
"Nov 09, 2018",0.0746,0.0769,0.0782,0.074,67.23M,-2.97%
"Nov 08, 2018",0.0769,0.079,0.0799,0.0765,105.98M,-2.62%
"Nov 07, 2018",0.079,0.0817,0.0825,0.0782,113.91M,-3.30%
"Nov 06, 2018",0.0817,0.0767,0.0818,0.0767,119.34M,6.34%
"Nov 05, 2018",0.0768,0.0773,0.0793,0.075,74.16M,-0.61%
"Nov 04, 2018",0.0773,0.0717,0.0785,0.0712,131.25M,7.73%
"Nov 03, 2018",0.0717,0.0731,0.0733,0.0709,38.73M,-1.85%
"Nov 02, 2018",0.0731,0.0714,0.0738,0.0709,43.45M,2.42%
"Nov 01, 2018",0.0714,0.0706,0.0717,0.0697,32.99M,1.09%
"Oct 31, 2018",0.0706,0.0701,0.0709,0.0679,49.18M,0.75%
"Oct 30, 2018",0.0701,0.0702,0.0708,0.0697,32.35M,-0.18%
"Oct 29, 2018",0.0702,0.0736,0.0738,0.069,69.12M,-4.67%
"Oct 28, 2018",0.0736,0.0735,0.0738,0.0729,28.16M,0.18%
"Oct 27, 2018",0.0735,0.0747,0.0748,0.0733,29.57M,-1.58%
"Oct 26, 2018",0.0747,0.0748,0.0754,0.0737,34.11M,-0.27%
"Oct 25, 2018",0.0749,0.0754,0.0756,0.0742,36.55M,-0.67%
"Oct 24, 2018",0.0754,0.0759,0.077,0.0753,44.66M,-0.69%
"Oct 23, 2018",0.0759,0.0773,0.0775,0.0737,62.25M,-1.77%
"Oct 22, 2018",0.0773,0.0773,0.0778,0.0762,70.69M,0.00%
"Oct 21, 2018",0.0773,0.0776,0.079,0.0769,102.74M,-0.49%
"Oct 20, 2018",0.0776,0.0769,0.0788,0.0761,101.34M,1.00%
"Oct 19, 2018",0.0769,0.0767,0.0779,0.0758,83.73M,0.22%
"Oct 18, 2018",0.0767,0.0799,0.0806,0.0757,135.77M,-4.13%
"Oct 17, 2018",0.08,0.0778,0.0812,0.0771,141.93M,2.85%
"Oct 16, 2018",0.0778,0.0767,0.0788,0.0757,124.70M,1.40%
"Oct 15, 2018",0.0767,0.0717,0.0848,0.0701,348.04M,6.95%
"Oct 14, 2018",0.0717,0.0737,0.0745,0.0711,139.15M,-2.73%
"Oct 13, 2018",0.0737,0.0732,0.0754,0.0726,118.01M,0.69%
"Oct 12, 2018",0.0732,0.0707,0.0766,0.0696,180.02M,3.55%
"Oct 11, 2018",0.0707,0.0855,0.0855,0.0693,302.27M,-17.27%
"Oct 10, 2018",0.0855,0.0866,0.0869,0.0837,142.96M,-1.31%
"Oct 09, 2018",0.0866,0.087,0.0879,0.0848,148.51M,-0.42%
"Oct 08, 2018",0.087,0.0846,0.0888,0.0835,200.56M,2.68%
"Oct 07, 2018",0.0847,0.0816,0.0854,0.0805,138.55M,3.84%
"Oct 06, 2018",0.0816,0.0834,0.0841,0.0808,120.08M,-2.21%
"Oct 05, 2018",0.0834,0.0815,0.084,0.0805,122.61M,2.31%
"Oct 04, 2018",0.0815,0.0809,0.0831,0.0804,130.09M,0.79%
"Oct 03, 2018",0.0809,0.0822,0.0825,0.0783,158.97M,-1.63%
"Oct 02, 2018",0.0822,0.0846,0.085,0.0817,145.84M,-2.80%
"Oct 01, 2018",0.0846,0.0851,0.086,0.0821,163.79M,-0.56%
"Sep 30, 2018",0.0851,0.0843,0.0872,0.083,207.84M,0.88%
"Sep 29, 2018",0.0843,0.0839,0.0868,0.0813,225.83M,0.49%
"Sep 28, 2018",0.0839,0.0864,0.0884,0.0815,352.50M,-2.84%
"Sep 27, 2018",0.0864,0.0792,0.0888,0.0778,384.41M,9.12%
"Sep 26, 2018",0.0792,0.0811,0.083,0.0765,283.30M,-2.38%
"Sep 25, 2018",0.0811,0.0825,0.0825,0.0745,370.53M,-1.67%
"Sep 24, 2018",0.0825,0.0897,0.0919,0.0818,359.83M,-8.04%
"Sep 23, 2018",0.0897,0.0834,0.0938,0.0829,479.17M,7.52%
"Sep 22, 2018",0.0834,0.0875,0.0889,0.0796,264.58M,-4.94%
"Sep 21, 2018",0.0877,0.0808,0.0902,0.0807,633.72M,8.29%
"Sep 20, 2018",0.081,0.0721,0.0836,0.0711,389.84M,12.30%
"Sep 19, 2018",0.0722,0.069,0.0744,0.0666,414.02M,4.27%
"Sep 18, 2018",0.0692,0.0633,0.0701,0.062,271.68M,9.33%
"Sep 17, 2018",0.0633,0.0699,0.0702,0.0627,237.62M,-9.45%
"Sep 16, 2018",0.0699,0.0689,0.0699,0.0659,154.85M,1.43%
"Sep 15, 2018",0.0689,0.0676,0.0708,0.0673,171.31M,1.94%
"Sep 14, 2018",0.0676,0.0695,0.0706,0.0654,264.46M,-2.81%
"Sep 13, 2018",0.0695,0.0662,0.071,0.0651,356.21M,5.07%
"Sep 12, 2018",0.0662,0.0701,0.0703,0.061,365.82M,-5.57%
"Sep 11, 2018",0.0701,0.0735,0.0746,0.0658,213.59M,-4.56%
"Sep 10, 2018",0.0734,0.0759,0.078,0.0715,195.54M,-3.27%
"Sep 09, 2018",0.0759,0.0774,0.081,0.0739,185.78M,-2.06%
"Sep 08, 2018",0.0775,0.0829,0.0844,0.0766,152.18M,-6.16%
"Sep 07, 2018",0.0826,0.0884,0.0894,0.0817,149.74M,-6.47%
"Sep 06, 2018",0.0883,0.0865,0.0887,0.081,207.38M,2.17%
"Sep 05, 2018",0.0865,0.1053,0.1062,0.086,287.03M,-17.87%
"Sep 04, 2018",0.1053,0.1035,0.107,0.1034,155.06M,1.62%
"Sep 03, 2018",0.1036,0.1048,0.1055,0.1023,123.76M,-1.11%
"Sep 02, 2018",0.1048,0.107,0.1074,0.1022,184.62M,-2.09%
"Sep 01, 2018",0.107,0.1018,0.1101,0.1016,228.87M,5.12%
"Aug 31, 2018",0.1018,0.1007,0.1033,0.0985,166.22M,1.09%
"Aug 30, 2018",0.1007,0.1054,0.1075,0.0967,215.23M,-4.52%
"Aug 29, 2018",0.1054,0.1055,0.1091,0.1015,249.12M,-0.07%
"Aug 28, 2018",0.1055,0.1005,0.1073,0.0998,252.60M,5.10%
"Aug 27, 2018",0.1004,0.0931,0.1014,0.0921,184.93M,7.81%
"Aug 26, 2018",0.0931,0.0941,0.0946,0.0906,114.84M,-0.97%
"Aug 25, 2018",0.094,0.0938,0.0948,0.0918,131.76M,0.24%
"Aug 24, 2018",0.0938,0.0923,0.0945,0.0906,133.65M,1.66%
"Aug 23, 2018",0.0923,0.0895,0.0937,0.0884,144.52M,3.09%
"Aug 22, 2018",0.0895,0.0947,0.1008,0.087,216.22M,-5.50%
"Aug 21, 2018",0.0947,0.092,0.0953,0.0908,143.77M,2.94%
"Aug 20, 2018",0.092,0.1014,0.103,0.0918,148.71M,-9.29%
"Aug 19, 2018",0.1014,0.0983,0.1035,0.0966,132.47M,3.16%
"Aug 18, 2018",0.0983,0.1099,0.1123,0.0954,237.96M,-10.55%
"Aug 17, 2018",0.1099,0.0945,0.1099,0.094,254.73M,16.28%
"Aug 16, 2018",0.0945,0.0936,0.0982,0.0917,137.32M,1.02%
"Aug 15, 2018",0.0936,0.0938,0.101,0.0934,211.56M,-0.24%
"Aug 14, 2018",0.0938,0.1011,0.1012,0.0843,208.86M,-7.21%
"Aug 13, 2018",0.1011,0.1119,0.114,0.1011,130.02M,-9.62%
"Aug 12, 2018",0.1119,0.1103,0.1142,0.109,91.00M,1.45%
"Aug 11, 2018",0.1103,0.1146,0.116,0.1074,149.60M,-3.80%
"Aug 10, 2018",0.1146,0.1219,0.1236,0.1116,176.64M,-6.00%
"Aug 09, 2018",0.1219,0.1128,0.1262,0.1128,196.66M,8.13%
"Aug 08, 2018",0.1128,0.1238,0.1238,0.1092,191.10M,-8.91%
"Aug 07, 2018",0.1238,0.1295,0.1322,0.1228,132.06M,-4.43%
"Aug 06, 2018",0.1295,0.1306,0.1358,0.1268,114.58M,-0.82%
"Aug 05, 2018",0.1306,0.1264,0.1312,0.1245,106.72M,3.32%
"Aug 04, 2018",0.1264,0.1296,0.1337,0.1237,115.20M,-2.44%
"Aug 03, 2018",0.1296,0.1308,0.1344,0.1233,161.89M,-0.98%
"Aug 02, 2018",0.1309,0.1399,0.1414,0.1286,148.35M,-6.46%
"Aug 01, 2018",0.1399,0.1415,0.1442,0.1354,144.14M,-1.21%
"Jul 31, 2018",0.1416,0.1534,0.1536,0.1391,161.22M,-7.68%
"Jul 30, 2018",0.1534,0.1625,0.1629,0.1478,135.76M,-5.60%
"Jul 29, 2018",0.1625,0.1643,0.1653,0.1596,96.65M,-1.08%
"Jul 28, 2018",0.1643,0.1661,0.1666,0.1593,100.08M,-1.09%
"Jul 27, 2018",0.1661,0.1644,0.1692,0.156,184.98M,0.99%
"Jul 26, 2018",0.1644,0.1727,0.1754,0.1618,165.75M,-4.80%
"Jul 25, 2018",0.1727,0.1738,0.1774,0.1667,199.18M,-0.62%
"Jul 24, 2018",0.1738,0.1645,0.1783,0.1604,276.60M,5.65%
"Jul 23, 2018",0.1645,0.1694,0.1803,0.1645,218.13M,-2.86%
"Jul 22, 2018",0.1694,0.1636,0.1787,0.162,213.09M,3.53%
"Jul 21, 2018",0.1636,0.1615,0.1695,0.1542,204.02M,1.26%
"Jul 20, 2018",0.1615,0.1818,0.1832,0.1599,295.44M,-11.13%
"Jul 19, 2018",0.1818,0.1804,0.192,0.1723,318.23M,0.78%
"Jul 18, 2018",0.1804,0.1715,0.1958,0.1712,492.34M,5.20%
"Jul 17, 2018",0.1715,0.1567,0.1762,0.1501,262.50M,9.46%
"Jul 16, 2018",0.1566,0.1423,0.1583,0.1408,187.62M,10.05%
"Jul 15, 2018",0.1423,0.1365,0.1459,0.1347,123.83M,4.24%
"Jul 14, 2018",0.1365,0.1375,0.1406,0.1332,137.98M,-0.68%
"Jul 13, 2018",0.1375,0.1274,0.1434,0.1248,180.44M,7.95%
"Jul 12, 2018",0.1273,0.1314,0.1314,0.1222,94.96M,-3.06%
"Jul 11, 2018",0.1314,0.128,0.1336,0.125,115.26M,2.63%
"Jul 10, 2018",0.128,0.1393,0.1399,0.1273,138.89M,-8.08%
"Jul 09, 2018",0.1393,0.145,0.1458,0.1389,85.24M,-3.95%
"Jul 08, 2018",0.145,0.1478,0.1494,0.1442,104.18M,-1.91%
"Jul 07, 2018",0.1478,0.1451,0.1484,0.1372,101.47M,1.86%
"Jul 06, 2018",0.1451,0.1475,0.1477,0.1383,114.94M,-1.65%
"Jul 05, 2018",0.1475,0.1514,0.1556,0.1436,147.16M,-2.54%
"Jul 04, 2018",0.1514,0.1498,0.1601,0.1462,124.63M,1.06%
"Jul 03, 2018",0.1498,0.1544,0.1607,0.1484,214.39M,-2.98%
"Jul 02, 2018",0.1544,0.1421,0.1599,0.1377,225.30M,8.69%
"Jul 01, 2018",0.1421,0.1381,0.1457,0.1332,171.94M,2.99%
"Jun 30, 2018",0.1379,0.1254,0.1381,0.1254,196.01M,10.05%
"Jun 29, 2018",0.1254,0.1184,0.127,0.1139,146.98M,5.87%
"Jun 28, 2018",0.1184,0.1276,0.1285,0.1176,109.01M,-7.23%
"Jun 27, 2018",0.1276,0.1255,0.1282,0.123,103.44M,1.65%
"Jun 26, 2018",0.1256,0.1353,0.1358,0.1252,73.76M,-7.22%
"Jun 25, 2018",0.1353,0.131,0.1389,0.1271,130.05M,3.31%
"Jun 24, 2018",0.131,0.1374,0.1382,0.12,172.18M,-4.67%
"Jun 23, 2018",0.1374,0.1384,0.1421,0.1337,100.45M,-0.69%
"Jun 22, 2018",0.1384,0.1582,0.1587,0.1348,161.45M,-12.56%
"Jun 21, 2018",0.1582,0.1618,0.1636,0.157,90.63M,-2.31%
"Jun 20, 2018",0.162,0.167,0.1672,0.1575,119.58M,-3.01%
"Jun 19, 2018",0.167,0.1639,0.1712,0.1615,108.47M,1.89%
"Jun 18, 2018",0.1639,0.1603,0.1682,0.1557,120.63M,2.27%
"Jun 17, 2018",0.1603,0.1626,0.1641,0.16,88.70M,-1.28%
"Jun 16, 2018",0.1624,0.1612,0.1644,0.1584,88.36M,0.70%
"Jun 15, 2018",0.1612,0.1707,0.171,0.1603,128.41M,-5.57%
"Jun 14, 2018",0.1707,0.158,0.1754,0.1534,239.78M,8.00%
"Jun 13, 2018",0.1581,0.1635,0.1659,0.1459,151.72M,-3.30%
"Jun 12, 2018",0.1635,0.1796,0.1812,0.1587,116.57M,-8.95%
"Jun 11, 2018",0.1795,0.174,0.1809,0.1649,114.06M,3.17%
"Jun 10, 2018",0.174,0.201,0.201,0.169,180.52M,-13.40%
"Jun 09, 2018",0.2009,0.2048,0.2104,0.2007,84.39M,-1.96%
"Jun 08, 2018",0.205,0.2105,0.211,0.201,102.35M,-2.85%
"Jun 07, 2018",0.211,0.2149,0.2191,0.2088,104.69M,-1.84%
"Jun 06, 2018",0.2149,0.219,0.22,0.2089,113.95M,-1.86%
"Jun 05, 2018",0.219,0.2128,0.2215,0.2028,152.50M,2.91%
"Jun 04, 2018",0.2128,0.227,0.2312,0.2097,140.21M,-6.28%
"Jun 03, 2018",0.2271,0.2275,0.2375,0.2235,138.62M,-0.21%
"Jun 02, 2018",0.2275,0.2209,0.2293,0.2174,129.86M,2.90%
"Jun 01, 2018",0.2211,0.224,0.2282,0.2148,139.37M,-1.28%
"May 31, 2018",0.224,0.2088,0.2289,0.2041,201.74M,7.30%
"May 30, 2018",0.2088,0.2019,0.2166,0.1981,201.90M,3.38%
"May 29, 2018",0.2019,0.1732,0.2085,0.1717,187.91M,16.56%
"May 28, 2018",0.1732,0.193,0.1948,0.1723,122.56M,-10.31%
"May 27, 2018",0.1931,0.1958,0.196,0.1911,86.32M,-1.36%
"May 26, 2018",0.1958,0.1989,0.2047,0.1948,92.17M,-1.57%
"May 25, 2018",0.1989,0.2081,0.2093,0.195,92.64M,-4.29%
"May 24, 2018",0.2079,0.1989,0.2112,0.1902,112.11M,4.47%
"May 23, 2018",0.1989,0.2216,0.2242,0.1934,149.15M,-10.24%
"May 22, 2018",0.2216,0.2474,0.2486,0.2203,66.40M,-10.41%
"May 21, 2018",0.2474,0.2565,0.2607,0.2458,55.33M,-3.54%
"May 20, 2018",0.2565,0.2434,0.2614,0.2403,61.87M,5.39%
"May 19, 2018",0.2434,0.2443,0.2486,0.2373,42.06M,-0.37%
"May 18, 2018",0.2443,0.241,0.2457,0.2323,57.25M,1.35%
"May 17, 2018",0.241,0.253,0.261,0.2389,61.00M,-4.75%
"May 16, 2018",0.253,0.2557,0.2574,0.2398,71.62M,-1.11%
"May 15, 2018",0.2559,0.2667,0.2754,0.2536,61.06M,-4.05%
"May 14, 2018",0.2667,0.2774,0.2783,0.2531,123.40M,-3.86%
"May 13, 2018",0.2774,0.266,0.2835,0.2575,104.59M,4.38%
"May 12, 2018",0.2658,0.2564,0.2787,0.2342,193.24M,3.64%
"May 11, 2018",0.2564,0.2959,0.2969,0.2488,214.87M,-13.35%
"May 10, 2018",0.2959,0.3219,0.325,0.295,66.05M,-7.75%
"May 09, 2018",0.3208,0.3256,0.3271,0.3022,90.54M,-1.31%
"May 08, 2018",0.3251,0.3401,0.341,0.3199,66.12M,-4.37%
"May 07, 2018",0.3399,0.35,0.3507,0.3195,88.71M,-2.95%
"May 06, 2018",0.3502,0.3686,0.3705,0.3385,100.03M,-4.97%
"May 05, 2018",0.3686,0.3615,0.3788,0.361,70.72M,1.96%
"May 04, 2018",0.3615,0.3707,0.3713,0.35,87.41M,-2.36%
"May 03, 2018",0.3702,0.376,0.3935,0.369,123.33M,-1.54%
"May 02, 2018",0.376,0.3577,0.3803,0.3478,104.21M,5.11%
"May 01, 2018",0.3577,0.3432,0.3615,0.3211,168.66M,4.24%
"Apr 30, 2018",0.3432,0.3669,0.3677,0.3341,147.25M,-6.29%
"Apr 29, 2018",0.3662,0.3596,0.3903,0.3447,248.83M,1.95%
"Apr 28, 2018",0.3592,0.2859,0.3674,0.2838,254.48M,25.66%
"Apr 27, 2018",0.2859,0.2952,0.3066,0.2849,106.05M,-3.15%
"Apr 26, 2018",0.2952,0.2699,0.2953,0.2583,101.91M,9.38%
"Apr 25, 2018",0.2699,0.3144,0.3175,0.26,189.98M,-14.63%
"Apr 24, 2018",0.3161,0.2944,0.3248,0.2908,49.39M,8.05%
"Apr 23, 2018",0.2926,0.2857,0.2945,0.2855,17.35M,2.42%
"Apr 22, 2018",0.2857,0.2859,0.3004,0.2791,30.91M,-0.07%
"Apr 21, 2018",0.2859,0.3052,0.3094,0.2683,51.22M,-6.34%
"Apr 20, 2018",0.3052,0.2714,0.3087,0.2498,57.07M,12.52%
"Apr 19, 2018",0.2713,0.2632,0.2749,0.2612,38.45M,3.08%
"Apr 18, 2018",0.2632,0.2436,0.2639,0.2436,24.19M,7.93%
"Apr 17, 2018",0.2438,0.2624,0.2741,0.2438,100.36M,-7.06%
"Apr 16, 2018",0.2624,0.2278,0.2635,0.2127,103.48M,15.20%
"Apr 15, 2018",0.2278,0.2074,0.2305,0.2073,40.13M,9.81%
"Apr 14, 2018",0.2074,0.2031,0.215,0.1966,35.88M,2.10%
"Apr 13, 2018",0.2031,0.2194,0.226,0.1957,84.00M,-7.42%
"Apr 12, 2018",0.2194,0.1685,0.222,0.1676,113.40M,30.22%
"Apr 11, 2018",0.1685,0.1566,0.169,0.155,41.58M,7.60%
"Apr 10, 2018",0.1566,0.1507,0.1587,0.1476,14.69M,3.94%
"Apr 09, 2018",0.1507,0.1569,0.166,0.1456,56.75M,-4.00%
"Apr 08, 2018",0.1569,0.1467,0.1594,0.1467,15.81M,7.01%
"Apr 07, 2018",0.1467,0.1426,0.1516,0.1426,37.45M,2.86%
"Apr 06, 2018",0.1426,0.1484,0.1508,0.1413,23.13M,-3.94%
"Apr 05, 2018",0.1484,0.152,0.1543,0.1411,30.18M,-2.35%
"Apr 04, 2018",0.152,0.1705,0.1765,0.1489,65.14M,-10.67%
"Apr 03, 2018",0.1702,0.1531,0.1714,0.1526,44.26M,11.18%
"Apr 02, 2018",0.1531,0.1483,0.1561,0.1464,15.48M,3.23%
"Apr 01, 2018",0.1483,0.1506,0.1568,0.1386,22.53M,-1.59%
"Mar 31, 2018",0.1506,0.1449,0.1582,0.1409,21.76M,3.95%
"Mar 30, 2018",0.1449,0.1436,0.1507,0.1334,33.08M,0.93%
"Mar 29, 2018",0.1436,0.1599,0.1631,0.1414,40.68M,-10.20%
"Mar 28, 2018",0.1599,0.1531,0.1643,0.1531,18.37M,4.37%
"Mar 27, 2018",0.1532,0.1657,0.1678,0.1487,27.84M,-7.54%
"Mar 26, 2018",0.1657,0.1834,0.1857,0.1571,36.92M,-9.68%
"Mar 25, 2018",0.1834,0.1869,0.1889,0.1807,14.65M,-1.83%
"Mar 24, 2018",0.1869,0.1886,0.2019,0.1821,44.43M,-0.89%
"Mar 23, 2018",0.1886,0.1995,0.1995,0.18,31.12M,-5.24%
"Mar 22, 2018",0.199,0.2078,0.2185,0.1858,56.69M,-4.14%
"Mar 21, 2018",0.2076,0.1994,0.2252,0.1976,45.64M,4.12%
"Mar 20, 2018",0.1994,0.1907,0.2111,0.1752,47.96M,4.70%
"Mar 19, 2018",0.1904,0.1538,0.1904,0.1535,84.41M,23.27%
"Mar 18, 2018",0.1545,0.1549,0.163,0.1237,82.44M,-0.30%
"Mar 17, 2018",0.1549,0.1745,0.1779,0.1507,18.98M,-11.23%
"Mar 16, 2018",0.1745,0.1841,0.1842,0.1715,25.26M,-5.21%
"Mar 15, 2018",0.1841,0.1936,0.1974,0.168,31.26M,-4.91%
"Mar 14, 2018",0.1936,0.2178,0.2297,0.1882,20.51M,-11.01%
"Mar 13, 2018",0.2176,0.2181,0.2252,0.2104,9.08M,-0.25%
"Mar 12, 2018",0.2181,0.2192,0.2325,0.2093,22.05M,-0.48%
"Mar 11, 2018",0.2192,0.2008,0.2231,0.1903,16.63M,9.19%
"Mar 10, 2018",0.2008,0.2162,0.2222,0.1966,20.05M,-7.13%
"Mar 09, 2018",0.2162,0.2143,0.2217,0.1842,25.23M,0.86%
"Mar 08, 2018",0.2143,0.2408,0.2492,0.2132,19.03M,-11.01%
"Mar 07, 2018",0.2408,0.279,0.285,0.2279,20.14M,-13.67%
"Mar 06, 2018",0.279,0.2966,0.301,0.2781,14.70M,-5.95%
"Mar 05, 2018",0.2966,0.302,0.3196,0.2934,12.32M,-1.76%
"Mar 04, 2018",0.302,0.2935,0.3044,0.2848,9.43M,2.88%
"Mar 03, 2018",0.2935,0.2925,0.3074,0.2895,9.00M,0.35%
"Mar 02, 2018",0.2925,0.3024,0.3079,0.2871,12.39M,-3.26%
"Mar 01, 2018",0.3024,0.3056,0.3122,0.2869,18.55M,-1.40%
"Feb 28, 2018",0.3066,0.3302,0.3351,0.3056,9.78M,-7.13%
"Feb 27, 2018",0.3302,0.3244,0.3358,0.3193,8.13M,1.80%
"Feb 26, 2018",0.3244,0.3235,0.3318,0.3046,12.40M,0.26%
"Feb 25, 2018",0.3235,0.2991,0.3365,0.2969,12.94M,8.17%
"Feb 24, 2018",0.2991,0.326,0.3328,0.2925,11.08M,-8.26%
"Feb 23, 2018",0.326,0.3137,0.3361,0.3054,12.20M,3.93%
"Feb 22, 2018",0.3137,0.3344,0.3533,0.3072,13.54M,-6.19%
"Feb 21, 2018",0.3344,0.3483,0.3559,0.3265,16.72M,-4.24%
"Feb 20, 2018",0.3492,0.3791,0.3895,0.3472,17.32M,-7.89%
"Feb 19, 2018",0.3791,0.3679,0.3909,0.3676,12.32M,2.90%
"Feb 18, 2018",0.3684,0.4172,0.4172,0.3662,14.85M,-11.69%
"Feb 17, 2018",0.4172,0.396,0.4206,0.3913,12.43M,5.34%
"Feb 16, 2018",0.396,0.3919,0.3989,0.3741,8.14M,1.05%
"Feb 15, 2018",0.3919,0.3948,0.4057,0.3727,11.27M,-0.92%
"Feb 14, 2018",0.3955,0.3649,0.3975,0.3593,14.75M,8.39%
"Feb 13, 2018",0.3649,0.3789,0.3811,0.3515,6.71M,-3.64%
"Feb 12, 2018",0.3787,0.3561,0.39,0.356,9.08M,6.35%
"Feb 11, 2018",0.3561,0.3836,0.3838,0.3473,16.19M,-6.54%
"Feb 10, 2018",0.381,0.379,0.4384,0.358,47.74M,1.20%
"Feb 09, 2018",0.3765,0.345,0.3849,0.32,16.90M,9.13%
"Feb 08, 2018",0.345,0.331,0.361,0.3235,20.62M,4.23%
"Feb 07, 2018",0.331,0.359,0.38,0.32,30.36M,-7.80%
"Feb 06, 2018",0.359,0.317,0.3692,0.262,53.75M,13.25%
"Feb 05, 2018",0.317,0.382,0.3962,0.2915,37.06M,-17.02%
"Feb 04, 2018",0.382,0.458,0.485,0.364,50.16M,-17.67%
"Feb 03, 2018",0.464,0.4047,0.5185,0.3453,21.04M,16.00%
"Feb 02, 2018",0.4,0.4217,0.4217,0.2958,41.52M,-5.15%
"Feb 01, 2018",0.4217,0.509,0.5217,0.389,13.42M,-16.85%
"Jan 31, 2018",0.5072,0.5136,0.517,0.463,8.36M,-0.55%
"Jan 30, 2018",0.51,0.591,0.603,0.5,11.15M,-15.28%
"Jan 29, 2018",0.602,0.6423,0.6465,0.588,5.84M,-6.27%
"Jan 28, 2018",0.6423,0.6213,0.6673,0.6131,6.47M,3.37%
"Jan 27, 2018",0.6213,0.6268,0.642,0.595,5.54M,-0.87%
"Jan 26, 2018",0.6268,0.642,0.655,0.5611,18.15M,-2.37%
"Jan 25, 2018",0.642,0.628,0.684,0.62,7.76M,2.07%
"Jan 24, 2018",0.629,0.5619,0.649,0.537,8.79M,12.36%
"Jan 23, 2018",0.5598,0.5678,0.5897,0.5166,8.77M,-1.35%
"Jan 22, 2018",0.5675,0.6165,0.64,0.515,10.80M,-7.94%
"Jan 21, 2018",0.6165,0.7049,0.7049,0.58,10.41M,-12.54%
"Jan 20, 2018",0.7049,0.6479,0.72,0.64,7.22M,9.14%
"Jan 19, 2018",0.6458,0.65,0.6914,0.59,14.52M,-0.65%
"Jan 18, 2018",0.65,0.626,0.6986,0.582,17.86M,4.13%
"Jan 17, 2018",0.6242,0.6,0.6837,0.4353,36.73M,3.82%
"Jan 16, 2018",0.6012,0.7724,0.7862,0.45,31.97M,-22.02%
"Jan 15, 2018",0.771,0.8,0.8666,0.7673,6.27M,-3.62%
"Jan 14, 2018",0.8,0.879,0.879,0.729,9.25M,-8.99%
"Jan 13, 2018",0.879,0.8983,0.9578,0.8329,9.33M,-1.24%
"Jan 12, 2018",0.89,0.679,0.9221,0.631,13.17M,31.27%
"Jan 11, 2018",0.678,0.7829,0.7829,0.523,17.30M,-12.69%
"Jan 10, 2018",0.7765,0.81,0.829,0.6559,12.11M,-4.14%
"Jan 09, 2018",0.81,0.9,0.929,0.7729,7.89M,-10.00%
"Jan 08, 2018",0.9,1.013,1.013,0.752,10.97M,-10.54%
"Jan 07, 2018",1.006,1.02,1.0534,0.98,4.81M,-2.88%
"Jan 06, 2018",1.0358,1.0099,1.083,0.9229,9.12M,4.11%
"Jan 05, 2018",0.9949,1.18,1.3,0.907,18.53M,-9.91%
"Jan 04, 2018",1.1043,1.1,1.35,1.05,19.60M,2.25%
"Jan 03, 2018",1.08,0.9782,1.09,0.8882,20.23M,41.73%
"Jan 02, 2018",0.762,0.7022,0.8,0.675,10.97M,8.52%
"Jan 01, 2018",0.7022,0.71,0.715,0.632,17.95M,-1.10%
"Dec 31, 2017",0.71,0.59,0.74,0.59,17.22M,20.34%